역이름,역지역,호선,번호,개방서,개방,개방자,관리번,인허가,영업상,영업,상세영,상세,재개업,소재지,소재��,소재��_1,소재��_2,도로명�,도로��,사업장�,최종수�,데이터�,데이��,업태구�,점포구�,학교ID,학교명,학교급�,설립일�,설립형�,본교분�,운영상�,소재��_3,소재��_4,시도교�,시도��,교육지�,교육��,생성일�,변경일�,데이��_1,id_num,공원수,x,y
영등포구청역,수도권,02호선,"911",대규모점포,08_25_01_P,"3180000","2001318007607500032","20011203","1",영업/정상,"1",정상영업,,"0221658101",35687.739999999997963,150991.000000000000000,서울특별시 영등포구 문래동3가 55번지 3호,서울특별시 영등포구  당산로  42 (문래동3가),150991.000000000000000,홈플러스(주) 영등포점,20210607191902,U,2021/06/09 02:40:00.000,대형마트,대규모점포,B000008187,양화중학교,중학교,1980/12/27,공립,본교,운영,서울특별시 영등포구 문래동3가 48,서울특별시 영등포구 당산로 56,"7010000",서울특별시교육청,"7041000",서울특별시남부교육지원청,2013/11/29,2022/07/01,2022/09/21,"1",6.000000000000000,126.8963096106,37.5213956191
영등포구청역,수도권,02호선,"913",대규모점포,08_25_01_P,"3180000","2005318007607500003","20051111","1",영업/정상,"1",정상영업,,02-2630-2651,8724.729999999999563,,서울특별시 영등포구 양평동3가 65호,서울특별시 영등포구 선유로 156 (양평동3가),,코스트코 홀세일,20170707103641,I,2018/08/31 23:59:59.000,대형마트,대규모점포,B000002004,서울당중초등학교,초등학교,1949/10/28,공립,본교,운영,서울특별시 영등포구 양평동3가 42,서울특별시 영등포구 선유로 131,"7010000",서울특별시교육청,"7041000",서울특별시남부교육지원청,2013/11/29,2022/07/01,2022/09/21,"2",5.000000000000000,126.8913380449,37.5261691726
영등포구청역,수도권,02호선,"937",대규모점포,08_25_01_P,"3180000","2001318007607500031","20010925","1",영업/정상,"1",정상영업,,02 21652510,12066.159999999999854,,서울특별시 영등포구 영등포동8가 62번지 1호,서울특별시 영등포구 영중로 125 (영등포동8가),150038.000000000000000,롯데쇼핑(주) VIC마켓 영등포점,20220510191606,U,2022/05/12 02:40:00.000,대형마트,대규모점포,B000001996,서울영중초등학교,초등학교,1949/10/25,공립,본교,운영,서울특별시 영등포구 영등포동7가 53,서울특별시 영등포구 양산로 185,"7010000",서울특별시교육청,"7041000",서울특별시남부교육지원청,2013/11/29,2022/07/01,2022/09/21,"3",5.000000000000000,126.9018412413,37.5246751205
당산역,수도권,02호선,"937",대규모점포,08_25_01_P,"3180000","2001318007607500031","20010925","1",영업/정상,"1",정상영업,,02 21652510,12066.159999999999854,,서울특별시 영등포구 영등포동8가 62번지 1호,서울특별시 영등포구 영중로 125 (영등포동8가),150038.000000000000000,롯데쇼핑(주) VIC마켓 영등포점,20220510191606,U,2022/05/12 02:40:00.000,대형마트,대규모점포,B000001998,서울당서초등학교,초등학교,1984/11/01,공립,본교,운영,서울특별시 영등포구 당산동5가 5-3,서울특별시 영등포구 당산로 187,"7010000",서울특별시교육청,"7041000",서울특별시남부교육지원청,2013/11/29,2022/07/01,2022/09/21,"4",9.000000000000000,126.9012504769,37.5310404183
당산역,수도권,02호선,"937",대규모점포,08_25_01_P,"3180000","2001318007607500031","20010925","1",영업/정상,"1",정상영업,,02 21652510,12066.159999999999854,,서울특별시 영등포구 영등포동8가 62번지 1호,서울특별시 영등포구 영중로 125 (영등포동8가),150038.000000000000000,롯데쇼핑(주) VIC마켓 영등포점,20220510191606,U,2022/05/12 02:40:00.000,대형마트,대규모점포,B000008181,당산중학교,중학교,1968/10/02,공립,본교,운영,서울특별시 영등포구 당산동 121,서울특별시 영등포구 버드나루로 160,"7010000",서울특별시교육청,"7041000",서울특별시남부교육지원청,2013/11/29,2022/07/01,2022/09/21,"5",5.000000000000000,126.9059762570,37.5317243396
충정로역,수도권,02호선,"1520",대규모점포,08_25_01_P,"3010000","2004301007107500001","20040601","1",영업/정상,"1",정상영업,,02   4118500,11090.620000000000800,,서울특별시 중구 봉래동2가 122호,서울특별시 중구 청파로 426 (봉래동2가),100162.000000000000000,롯데쇼핑(주)롯데마트서울역점,20220510092353,U,2022/05/12 02:40:00.000,대형마트,대규모점포,B000001912,서울미동초등학교,초등학교,1896/05/01,공립,본교,운영,서울특별시 서대문구 미근동 36-1,서울특별시 서대문구 충정로 52,"7010000",서울특별시교육청,"7031000",서울특별시서부교육지원청,2013/11/29,2022/07/01,2022/09/21,"6",11.000000000000000,126.9668582538,37.5619444748
충정로역,수도권,02호선,"1520",대규모점포,08_25_01_P,"3010000","2004301007107500001","20040601","1",영업/정상,"1",정상영업,,02   4118500,11090.620000000000800,,서울특별시 중구 봉래동2가 122호,서울특별시 중구 청파로 426 (봉래동2가),100162.000000000000000,롯데쇼핑(주)롯데마트서울역점,20220510092353,U,2022/05/12 02:40:00.000,대형마트,대규모점포,B000002098,서울봉래초등학교,초등학교,1895/09/18,공립,본교,운영,서울특별시 중구 만리동2가 2,서울특별시 중구 손기정로 73,"7010000",서울특별시교육청,"7061000",서울특별시중부교육지원청,2013/11/29,2022/07/01,2022/09/21,"7",7.000000000000000,126.9657469404,37.5568320613
충정로역,수도권,02호선,"1520",대규모점포,08_25_01_P,"3010000","2004301007107500001","20040601","1",영업/정상,"1",정상영업,,02   4118500,11090.620000000000800,,서울특별시 중구 봉래동2가 122호,서울특별시 중구 청파로 426 (봉래동2가),100162.000000000000000,롯데쇼핑(주)롯데마트서울역점,20220510092353,U,2022/05/12 02:40:00.000,대형마트,대규모점포,B000011295,서울의료보건고등학교,고등학교,1992/10/02,사립,본교,운영,서울특별시 중구 중림동 324-14,서울특별시 중구 만리재로37길 30,"7010000",서울특별시교육청,"7061000",서울특별시중부교육지원청,2013/11/29,2022/07/01,2022/09/21,"8",9.000000000000000,126.9666888265,37.5573884114
합정역,수도권,02호선,"2492",대규모점포,08_25_01_P,"3130000","2011313011807500001","20110106","1",영업/정상,"1",정상영업,,"34598000",14201.000000000000000,,서울특별시 마포구 서교동 490번지 1호,"서울특별시 마포구 양화로 45 (서교동, 메세나폴리스)",4036.000000000000000,홈플러스 합정점,20210616114210,U,2021/06/18 02:40:00.000,대형마트,대규모점포,B000008152,성산중학교,중학교,1967/10/27,공립,본교,운영,서울특별시 마포구 합정동 365-1,서울특별시 마포구 성지1길 32-13,"7010000",서울특별시교육청,"7031000",서울특별시서부교육지원청,2013/11/29,2022/07/01,2022/09/21,"9",5.000000000000000,126.9161067860,37.5479129733
합정역,수도권,02호선,"2492",대규모점포,08_25_01_P,"3130000","2011313011807500001","20110106","1",영업/정상,"1",정상영업,,"34598000",14201.000000000000000,,서울특별시 마포구 서교동 490번지 1호,"서울특별시 마포구 양화로 45 (서교동, 메세나폴리스)",4036.000000000000000,홈플러스 합정점,20210616114210,U,2021/06/18 02:40:00.000,대형마트,대규모점포,B000001948,서울성산초등학교,초등학교,1969/03/01,공립,본교,운영,서울특별시 마포구 합정동 427-2,서울특별시 마포구 양화로3길 94,"7010000",서울특별시교육청,"7031000",서울특별시서부교육지원청,2013/11/29,2022/07/01,2022/09/21,"10",5.000000000000000,126.9115986241,37.5527757590
신답역,수도권,02호선,"1408",대규모점포,08_25_01_P,"3050000","2003305008207500001","20031023","1",영업/정상,"1",정상영업,,"0221738123",12010.000000000000000,130817.000000000000000,서울특별시 동대문구 용두동 33번지 1호,서울특별시 동대문구 천호대로 133 (용두동),130817.000000000000000,홈플러스(주) 동대문점,20210614113440,U,2021/06/16 02:40:00.000,대형마트,대규모점포,B000001841,서울신답초등학교,초등학교,1972/05/09,공립,본교,운영,서울특별시 동대문구 답십리동 463-13,서울특별시 동대문구 천호대로 177,"7010000",서울특별시교육청,"7021000",서울특별시동부교육지원청,2013/11/29,2022/07/01,2022/09/21,"11",3.000000000000000,127.0430115070,37.5722683945
신답역,수도권,02호선,"1408",대규모점포,08_25_01_P,"3050000","2003305008207500001","20031023","1",영업/정상,"1",정상영업,,"0221738123",12010.000000000000000,130817.000000000000000,서울특별시 동대문구 용두동 33번지 1호,서울특별시 동대문구 천호대로 133 (용두동),130817.000000000000000,홈플러스(주) 동대문점,20210614113440,U,2021/06/16 02:40:00.000,대형마트,대규모점포,B000008085,숭인중학교,중학교,1975/06/01,공립,본교,운영,서울특별시 동대문구 답십리동 463-1,서울특별시 동대문구 천호대로47길 34,"7010000",서울특별시교육청,"7021000",서울특별시동부교육지원청,2013/11/29,2022/07/01,2022/09/21,"12",5.000000000000000,127.0435349000,37.5728684252
선릉역,수도권,02호선,"2786",대규모점포,08_25_01_P,"3220000","2006322012707500001","20061024","1",영업/정상,"1",정상영업,,02-6908-1051,5174.000000000000000,135080.000000000000000,서울특별시 강남구 역삼동 755번지,서울특별시 강남구 역삼로 310 (역삼동),135926.000000000000000,(주)이마트 역삼점,20140410175806,I,2018/08/31 23:59:59.000,대형마트,대규모점포,B000008376,진선여자중학교,중학교,1976/05/20,사립,본교,운영,서울특별시 강남구 역삼동 713,서울특별시 강남구 선릉로85길 27,"7010000",서울특별시교육청,"7091300",서울특별시강남서초교육지원청,2013/11/29,2022/07/01,2022/09/21,"13",12.000000000000000,127.0482915806,37.5021887349
선릉역,수도권,02호선,"2786",대규모점포,08_25_01_P,"3220000","2006322012707500001","20061024","1",영업/정상,"1",정상영업,,02-6908-1051,5174.000000000000000,135080.000000000000000,서울특별시 강남구 역삼동 755번지,서울특별시 강남구 역삼로 310 (역삼동),135926.000000000000000,(주)이마트 역삼점,20140410175806,I,2018/08/31 23:59:59.000,대형마트,대규모점포,B000012070,진선여자고등학교,고등학교,1976/12/28,사립,본교,운영,서울특별시 강남구 역삼동 713,서울특별시 강남구 선릉로85길 27,"7010000",서울특별시교육청,"7091300",서울특별시강남서초교육지원청,2013/11/29,2022/07/01,2022/09/21,"14",12.000000000000000,127.0482912005,37.5021769677
선릉역,수도권,02호선,"2786",대규모점포,08_25_01_P,"3220000","2006322012707500001","20061024","1",영업/정상,"1",정상영업,,02-6908-1051,5174.000000000000000,135080.000000000000000,서울특별시 강남구 역삼동 755번지,서울특별시 강남구 역삼로 310 (역삼동),135926.000000000000000,(주)이마트 역삼점,20140410175806,I,2018/08/31 23:59:59.000,대형마트,대규모점포,B000002297,서울도성초등학교,초등학교,1981/09/30,공립,본교,운영,서울특별시 강남구 역삼동 714,서울특별시 강남구 역삼로 313,"7010000",서울특별시교육청,"7091300",서울특별시강남서초교육지원청,2013/11/29,2022/07/01,2022/09/21,"15",13.000000000000000,127.0488741832,37.5015660902
봉천역,수도권,02호선,"1766",대규모점포,08_25_01_P,"3200000","2011320019107500004","20111026","1",영업/정상,"1",정상영업,,02-3285-3651,414.860000000000014,151826.000000000000000,서울특별시 관악구 은천동 937번지 6호 동영빌딩 1층,서울특별시 관악구 은천로 51 (봉천동),151826.000000000000000,(주)이마트에브리데이 봉천동점,20210514180456,U,2021/05/16 02:40:00.000,대형마트,준대규모점포,B000002342,서울은천초등학교,초등학교,1958/04/01,공립,본교,운영,서울특별시 관악구 봉천동 622-1,서울특별시 관악구 은천로 69,"7010000",서울특별시교육청,"7132000",서울특별시동작관악교육지원청,2013/11/29,2022/07/01,2022/09/21,"16",3.000000000000000,126.9425199003,37.4859243711
봉천역,수도권,02호선,"1766",대규모점포,08_25_01_P,"3200000","2011320019107500004","20111026","1",영업/정상,"1",정상영업,,02-3285-3651,414.860000000000014,151826.000000000000000,서울특별시 관악구 은천동 937번지 6호 동영빌딩 1층,서울특별시 관악구 은천로 51 (봉천동),151826.000000000000000,(주)이마트에브리데이 봉천동점,20210514180456,U,2021/05/16 02:40:00.000,대형마트,준대규모점포,B000002343,서울관악초등학교,초등학교,1971/12/04,공립,본교,운영,서울특별시 관악구 봉천동 920,서울특별시 관악구 청룡4길 49,"7010000",서울특별시교육청,"7132000",서울특별시동작관악교육지원청,2013/11/29,2022/07/01,2022/09/21,"17",6.000000000000000,126.9423431926,37.4822794028
봉천역,수도권,02호선,"1766",대규모점포,08_25_01_P,"3200000","2011320019107500004","20111026","1",영업/정상,"1",정상영업,,02-3285-3651,414.860000000000014,151826.000000000000000,서울특별시 관악구 은천동 937번지 6호 동영빌딩 1층,서울특별시 관악구 은천로 51 (봉천동),151826.000000000000000,(주)이마트에브리데이 봉천동점,20210514180456,U,2021/05/16 02:40:00.000,대형마트,준대규모점포,B000011351,서울관광고등학교,고등학교,1978/03/15,사립,본교,운영,서울특별시 관악구 봉천동 1694,서울특별시 관악구 은천로15길 25,"7010000",서울특별시교육청,"7132000",서울특별시동작관악교육지원청,2013/11/29,2022/07/01,2022/09/21,"18",4.000000000000000,126.9432260718,37.4864493040
봉천역,수도권,02호선,"1766",대규모점포,08_25_01_P,"3200000","2011320019107500004","20111026","1",영업/정상,"1",정상영업,,02-3285-3651,414.860000000000014,151826.000000000000000,서울특별시 관악구 은천동 937번지 6호 동영빌딩 1층,서울특별시 관악구 은천로 51 (봉천동),151826.000000000000000,(주)이마트에브리데이 봉천동점,20210514180456,U,2021/05/16 02:40:00.000,대형마트,준대규모점포,B000008394,봉림중학교,중학교,1989/04/21,공립,본교,운영,서울특별시 관악구 봉천동 1531-38,서울특별시 관악구 장군봉길 72,"7010000",서울특별시교육청,"7132000",서울특별시동작관악교육지원청,2013/11/29,2022/07/01,2022/09/21,"19",7.000000000000000,126.9387692708,37.4825933141
구로디지털단지역,수도권,02호선,"2533",대규모점포,08_25_01_P,"3160000","2007316011707500007","19990727","1",영업/정상,"1",정상영업,,"2009-1001,1051",9927.719999999999345,152050.000000000000000,서울특별시 구로구 구로동 188번지 26호,서울특별시 구로구 디지털로32길 43 (구로동),,(주)이마트 구로점,20200421204857,U,2020/04/23 02:40:00.000,대형마트,대규모점포,B000002008,서울영림초등학교,초등학교,1982/10/04,공립,본교,운영,서울특별시 영등포구 대림동 993-16,서울특별시 영등포구 시흥대로173길 14,"7010000",서울특별시교육청,"7041000",서울특별시남부교육지원청,2013/11/29,2022/07/01,2022/09/21,"20",2.000000000000000,126.9015984334,37.4867339015
구로디지털단지역,수도권,02호선,"2533",대규모점포,08_25_01_P,"3160000","2007316011707500007","19990727","1",영업/정상,"1",정상영업,,"2009-1001,1051",9927.719999999999345,152050.000000000000000,서울특별시 구로구 구로동 188번지 26호,서울특별시 구로구 디지털로32길 43 (구로동),,(주)이마트 구로점,20200421204857,U,2020/04/23 02:40:00.000,대형마트,대규모점포,B000008169,영서중학교,중학교,1980/03/03,공립,본교,운영,서울특별시 구로구 구로동 145-20,서울특별시 구로구 도림로20길 35,"7010000",서울특별시교육청,"7041000",서울특별시남부교육지원청,2013/11/29,2022/07/01,2022/09/21,"21",0.000000000000000,126.8972130620,37.4880200772
구로디지털단지역,수도권,02호선,"2533",대규모점포,08_25_01_P,"3160000","2007316011707500007","19990727","1",영업/정상,"1",정상영업,,"2009-1001,1051",9927.719999999999345,152050.000000000000000,서울특별시 구로구 구로동 188번지 26호,서울특별시 구로구 디지털로32길 43 (구로동),,(주)이마트 구로점,20200421204857,U,2020/04/23 02:40:00.000,대형마트,대규모점포,B000001967,서울영서초등학교,초등학교,1979/09/28,공립,본교,운영,서울특별시 구로구 구로동 165-1,서울특별시 구로구 도림로20길 57,"7010000",서울특별시교육청,"7041000",서울특별시남부교육지원청,2013/11/29,2022/07/01,2022/09/21,"22",0.000000000000000,126.8971873367,37.4879368991
신도림역,수도권,02호선,"2521",대규모점포,08_25_01_P,"3160000","2007316011707500001","20070813","1",영업/정상,"1",정상영업,,"0226182080",11914.000000000000000,,서울특별시 구로구 신도림동 337번지 신도림1차푸르지오,"서울특별시 구로구 경인로 661, 신도림1차푸르지오 (신도림동)",8208.000000000000000,홈플러스(주) 신도림점,20210611103206,U,2021/06/13 02:40:00.000,대형마트,대규모점포,B000001954,서울미래초등학교,초등학교,2002/03/01,공립,본교,운영,서울특별시 구로구 구로동 3-13,서울특별시 구로구 새말로 73,"7010000",서울특별시교육청,"7041000",서울특별시남부교육지원청,2013/11/29,2022/07/01,2022/09/21,"23",5.000000000000000,126.8884796178,37.5059982872
신도림역,수도권,02호선,"2521",대규모점포,08_25_01_P,"3160000","2007316011707500001","20070813","1",영업/정상,"1",정상영업,,"0226182080",11914.000000000000000,,서울특별시 구로구 신도림동 337번지 신도림1차푸르지오,"서울특별시 구로구 경인로 661, 신도림1차푸르지오 (신도림동)",8208.000000000000000,홈플러스(주) 신도림점,20210611103206,U,2021/06/13 02:40:00.000,대형마트,대규모점포,B000008160,신도림중학교,중학교,1984/05/06,공립,본교,운영,서울특별시 구로구 신도림동 311-1,서울특별시 구로구 경인로63길 74,"7010000",서울특별시교육청,"7041000",서울특별시남부교육지원청,2013/11/29,2022/07/01,2022/09/21,"24",8.000000000000000,126.8864365117,37.5102878328
신도림역,수도권,02호선,"2528",대규모점포,08_25_01_P,"3160000","2007316011707500003","20070927","1",영업/정상,"1",정상영업,,380-5234,7337.000000000000000,,서울특별시 구로구 구로동 3번지 25호 외 31필지,"서울특별시 구로구 새말로 97 (구로동,외 31필지)",,(주) 이마트 신도림점,20200421205401,U,2020/04/23 02:40:00.000,대형마트,대규모점포,B000001954,서울미래초등학교,초등학교,2002/03/01,공립,본교,운영,서울특별시 구로구 구로동 3-13,서울특별시 구로구 새말로 73,"7010000",서울특별시교육청,"7041000",서울특별시남부교육지원청,2013/11/29,2022/07/01,2022/09/21,"25",5.000000000000000,126.8886533863,37.5058458426
신도림역,수도권,02호선,"2528",대규모점포,08_25_01_P,"3160000","2007316011707500003","20070927","1",영업/정상,"1",정상영업,,380-5234,7337.000000000000000,,서울특별시 구로구 구로동 3번지 25호 외 31필지,"서울특별시 구로구 새말로 97 (구로동,외 31필지)",,(주) 이마트 신도림점,20200421205401,U,2020/04/23 02:40:00.000,대형마트,대규모점포,B000008160,신도림중학교,중학교,1984/05/06,공립,본교,운영,서울특별시 구로구 신도림동 311-1,서울특별시 구로구 경인로63길 74,"7010000",서울특별시교육청,"7041000",서울특별시남부교육지원청,2013/11/29,2022/07/01,2022/09/21,"26",6.000000000000000,126.8863615745,37.5098136352
문래역,수도권,02호선,"911",대규모점포,08_25_01_P,"3180000","2001318007607500032","20011203","1",영업/정상,"1",정상영업,,"0221658101",35687.739999999997963,150991.000000000000000,서울특별시 영등포구 문래동3가 55번지 3호,서울특별시 영등포구  당산로  42 (문래동3가),150991.000000000000000,홈플러스(주) 영등포점,20210607191902,U,2021/06/09 02:40:00.000,대형마트,대규모점포,B000008187,양화중학교,중학교,1980/12/27,공립,본교,운영,서울특별시 영등포구 문래동3가 48,서울특별시 영등포구 당산로 56,"7010000",서울특별시교육청,"7041000",서울특별시남부교육지원청,2013/11/29,2022/07/01,2022/09/21,"27",5.000000000000000,126.8959945000,37.5196596000
문래역,수도권,02호선,"911",대규모점포,08_25_01_P,"3180000","2001318007607500032","20011203","1",영업/정상,"1",정상영업,,"0221658101",35687.739999999997963,150991.000000000000000,서울특별시 영등포구 문래동3가 55번지 3호,서울특별시 영등포구  당산로  42 (문래동3가),150991.000000000000000,홈플러스(주) 영등포점,20210607191902,U,2021/06/09 02:40:00.000,대형마트,대규모점포,B000002009,서울문래초등학교,초등학교,1985/10/29,공립,본교,운영,서울특별시 영등포구 문래동3가 77-7,서울특별시 영등포구 문래로 104,"7010000",서울특별시교육청,"7041000",서울특별시남부교육지원청,2013/11/29,2022/07/01,2022/09/21,"28",4.000000000000000,126.8936057000,37.5191403800
문래역,수도권,02호선,"911",대규모점포,08_25_01_P,"3180000","2001318007607500032","20011203","1",영업/정상,"1",정상영업,,"0221658101",35687.739999999997963,150991.000000000000000,서울특별시 영등포구 문래동3가 55번지 3호,서울특별시 영등포구  당산로  42 (문래동3가),150991.000000000000000,홈플러스(주) 영등포점,20210607191902,U,2021/06/09 02:40:00.000,대형마트,대규모점포,B000002001,서울영등포초등학교,초등학교,1945/11/01,공립,본교,운영,서울특별시 영등포구 문래동1가 35-2,서울특별시 영등포구 경인로 756,"7010000",서울특별시교육청,"7041000",서울특별시남부교육지원청,2013/11/29,2022/07/01,2022/09/21,"29",6.000000000000000,126.8973543218,37.5142919424
시청역,수도권,02호선,"1548",대규모점포,08_25_01_P,"3000000","2011300012907500003","20111220","1",영업/정상,"1",정상영업,,"027379994",432.899999999999977,110061.000000000000000,서울특별시 종로구 신문로1가 24번지  고려빌딩 1층,"서울특별시  새문안로 91, 1층 (고려빌딩)",110796.000000000000000,홈플러스(주)익스프레스 광화문점,20210615181710,U,2021/06/17 02:40:00.000,대형마트,준대규모점포,B000013449,이화여자고등학교,고등학교,1886/05/31,사립,본교,운영,서울특별시 중구 정동 32-1,서울특별시중구정동길26,"7010000",서울특별시교육청,"7061000",서울특별시중부교육지원청,2013/11/29,2022/07/01,2022/09/21,"30",17.000000000000000,126.9727355244,37.5668539361
시청역,수도권,02호선,"1548",대규모점포,08_25_01_P,"3000000","2011300012907500003","20111220","1",영업/정상,"1",정상영업,,"027379994",432.899999999999977,110061.000000000000000,서울특별시 종로구 신문로1가 24번지  고려빌딩 1층,"서울특별시  새문안로 91, 1층 (고려빌딩)",110796.000000000000000,홈플러스(주)익스프레스 광화문점,20210615181710,U,2021/06/17 02:40:00.000,대형마트,준대규모점포,B000002097,서울덕수초등학교,초등학교,1912/04/01,공립,본교,운영,서울특별시 중구 정동 1-76,서울특별시 중구 덕수궁길 140,"7010000",서울특별시교육청,"7061000",서울특별시중부교육지원청,2013/11/29,2022/07/01,2022/09/21,"31",17.000000000000000,126.9750765346,37.5684658778
시청역,수도권,02호선,"1579",대규모점포,08_25_01_P,"3000000","2004300007607500003","20040430","1",영업/정상,"1",정상영업,,02 3995591,,,서울특별시 종로구 서린동 33호,,,영풍문고,20070721102756,I,2018/08/31 23:59:59.000,대형마트,,B000002097,서울덕수초등학교,초등학교,1912/04/01,공립,본교,운영,서울특별시 중구 정동 1-76,서울특별시 중구 덕수궁길 140,"7010000",서울특별시교육청,"7061000",서울특별시중부교육지원청,2013/11/29,2022/07/01,2022/09/21,"32",20.000000000000000,126.9767070442,37.5691888495
신당역,수도권,02호선,"1524",대규모점포,08_25_01_P,"3010000","2008301010007500002","20080626","1",영업/정상,"1",정상영업,,02-2290-1234,20144.479999999999563,100899.000000000000000,서울특별시 중구 황학동 2545번지,서울특별시 중구 청계천로 400-0 (황학동),100899.000000000000000,주식회사 이마트 청계천점,20200907112339,U,2020/09/09 02:40:00.000,대형마트,대규모점포,B000002099,서울광희초등학교,초등학교,1900/11/01,공립,본교,운영,서울특별시 중구 신당동 254-16,서울특별시 중구 다산로 269,"7010000",서울특별시교육청,"7061000",서울특별시중부교육지원청,2013/11/29,2022/07/01,2022/09/21,"33",3.000000000000000,127.0172289609,37.5682923373
신당역,수도권,02호선,"1524",대규모점포,08_25_01_P,"3010000","2008301010007500002","20080626","1",영업/정상,"1",정상영업,,02-2290-1234,20144.479999999999563,100899.000000000000000,서울특별시 중구 황학동 2545번지,서울특별시 중구 청계천로 400-0 (황학동),100899.000000000000000,주식회사 이마트 청계천점,20200907112339,U,2020/09/09 02:40:00.000,대형마트,대규모점포,B000011293,성동공업고등학교,고등학교,1944/04/01,공립,본교,운영,서울특별시 중구 흥인동 1-1,서울특별시 중구 다산로 290,"7010000",서울특별시교육청,"7061000",서울특별시중부교육지원청,2013/11/29,2022/07/01,2022/09/21,"34",3.000000000000000,127.0180592264,37.5689706680
뚝섬역,수도권,02호선,"848",대규모점포,08_25_01_P,"3030000","2005303007407500001","20050331","1",영업/정상,"1",정상영업,,02-3408-1234,17318.000000000000000,133120.000000000000000,서울특별시 성동구 성수동2가 333번지 16호,서울특별시 뚝섬로 379,133120.000000000000000,(주)이마트 성수점,20220330165536,U,2022/04/01 02:40:00.000,대형마트,대규모점포,B000008416,경일중학교,중학교,2004/05/06,공립,본교,운영,서울특별시 성동구 성수동1가 22-27,서울특별시 성동구 성수일로 27,"7010000",서울특별시교육청,"7134000",서울특별시성동광진교육지원청,2013/11/29,2022/07/01,2022/09/21,"35",4.000000000000000,127.0497354502,37.5432822208
뚝섬역,수도권,02호선,"848",대규모점포,08_25_01_P,"3030000","2005303007407500001","20050331","1",영업/정상,"1",정상영업,,02-3408-1234,17318.000000000000000,133120.000000000000000,서울특별시 성동구 성수동2가 333번지 16호,서울특별시 뚝섬로 379,133120.000000000000000,(주)이마트 성수점,20220330165536,U,2022/04/01 02:40:00.000,대형마트,대규모점포,B000002349,서울경동초등학교,초등학교,1913/10/01,공립,본교,운영,서울특별시 성동구 성수동1가 19-1,서울특별시 성동구 성수일로 34,"7010000",서울특별시교육청,"7134000",서울특별시성동광진교육지원청,2013/11/29,2022/07/01,2022/09/21,"36",5.000000000000000,127.0501837534,37.5434739740
뚝섬역,수도권,02호선,"848",대규모점포,08_25_01_P,"3030000","2005303007407500001","20050331","1",영업/정상,"1",정상영업,,02-3408-1234,17318.000000000000000,133120.000000000000000,서울특별시 성동구 성수동2가 333번지 16호,서울특별시 뚝섬로 379,133120.000000000000000,(주)이마트 성수점,20220330165536,U,2022/04/01 02:40:00.000,대형마트,대규모점포,B000013451,경일고등학교,고등학교,2004/05/06,공립,본교,운영,서울특별시 성동구 성수동1가 22-27,서울특별시 성동구 성수일로 27,"7010000",서울특별시교육청,"7134000",서울특별시성동광진교육지원청,2013/11/29,2022/07/01,2022/09/21,"37",4.000000000000000,127.0497354502,37.5432822208
성수역,수도권,02호선,"848",대규모점포,08_25_01_P,"3030000","2005303007407500001","20050331","1",영업/정상,"1",정상영업,,02-3408-1234,17318.000000000000000,133120.000000000000000,서울특별시 성동구 성수동2가 333번지 16호,서울특별시 뚝섬로 379,133120.000000000000000,(주)이마트 성수점,20220330165536,U,2022/04/01 02:40:00.000,대형마트,대규모점포,B000002349,서울경동초등학교,초등학교,1913/10/01,공립,본교,운영,서울특별시 성동구 성수동1가 19-1,서울특별시 성동구 성수일로 34,"7010000",서울특별시교육청,"7134000",서울특별시성동광진교육지원청,2013/11/29,2022/07/01,2022/09/21,"38",5.000000000000000,127.0514780693,37.5433373937
성수역,수도권,02호선,"848",대규모점포,08_25_01_P,"3030000","2005303007407500001","20050331","1",영업/정상,"1",정상영업,,02-3408-1234,17318.000000000000000,133120.000000000000000,서울특별시 성동구 성수동2가 333번지 16호,서울특별시 뚝섬로 379,133120.000000000000000,(주)이마트 성수점,20220330165536,U,2022/04/01 02:40:00.000,대형마트,대규모점포,B000008413,경수중학교,중학교,1981/05/04,공립,본교,운영,서울특별시 성동구 성수동2가 268,서울특별시 성동구 뚝섬로13길 14,"7010000",서울특별시교육청,"7134000",서울특별시성동광진교육지원청,2013/11/29,2022/07/01,2022/09/21,"39",5.000000000000000,127.0579402939,37.5406381044
성수역,수도권,02호선,"848",대규모점포,08_25_01_P,"3030000","2005303007407500001","20050331","1",영업/정상,"1",정상영업,,02-3408-1234,17318.000000000000000,133120.000000000000000,서울특별시 성동구 성수동2가 333번지 16호,서울특별시 뚝섬로 379,133120.000000000000000,(주)이마트 성수점,20220330165536,U,2022/04/01 02:40:00.000,대형마트,대규모점포,B000002350,서울경수초등학교,초등학교,1982/04/29,공립,본교,운영,서울특별시 성동구 성수동2가 268,서울특별시 성동구 뚝섬로13길 22,"7010000",서울특별시교육청,"7134000",서울특별시성동광진교육지원청,2013/11/29,2022/07/01,2022/09/21,"40",6.000000000000000,127.0571215043,37.5410238298
성수역,수도권,02호선,"848",대규모점포,08_25_01_P,"3030000","2005303007407500001","20050331","1",영업/정상,"1",정상영업,,02-3408-1234,17318.000000000000000,133120.000000000000000,서울특별시 성동구 성수동2가 333번지 16호,서울특별시 뚝섬로 379,133120.000000000000000,(주)이마트 성수점,20220330165536,U,2022/04/01 02:40:00.000,대형마트,대규모점포,B000011302,성수공업고등학교,고등학교,1998/06/05,공립,본교,운영,서울특별시 성동구 성수동2가 333-128,서울특별시 성동구 뚝섬로 365,"7010000",서울특별시교육청,"7134000",서울특별시성동광진교육지원청,2013/11/29,2022/07/01,2022/09/21,"41",5.000000000000000,127.0524942834,37.5415656816
건대입구역,수도권,02호선,"1399",대규모점포,08_25_01_P,"3040000","2006304007307500002","20061214","1",영업/정상,"1",정상영업,,"000220241234",11045.549999999999272,,서울특별시 광진구 자양동 227번지 7호,서울특별시 광진구 아차산로 272 (자양동),143758.000000000000000,(주)이마트 자양점,20210903110413,U,2021/09/05 02:40:00.000,대형마트,대규모점포,B000011940,건국대학교사범대학부속고등학교,고등학교,1980/05/15,사립,본교,운영,서울특별시 광진구 화양동 528,서울특별시 광진구 능동로 120,"7010000",서울특별시교육청,"7134000",서울특별시성동광진교육지원청,2013/11/29,2022/07/01,2022/09/21,"42",4.000000000000000,127.0736666746,37.5394119187
건대입구역,수도권,02호선,"1399",대규모점포,08_25_01_P,"3040000","2006304007307500002","20061214","1",영업/정상,"1",정상영업,,"000220241234",11045.549999999999272,,서울특별시 광진구 자양동 227번지 7호,서울특별시 광진구 아차산로 272 (자양동),143758.000000000000000,(주)이마트 자양점,20210903110413,U,2021/09/05 02:40:00.000,대형마트,대규모점포,B000011936,자양고등학교,고등학교,1984/05/15,공립,본교,운영,서울특별시 광진구 자양동 524-11,서울특별시 광진구 뚝섬로37길 28,"7010000",서울특별시교육청,"7134000",서울특별시성동광진교육지원청,2013/11/29,2022/07/01,2022/09/21,"43",7.000000000000000,127.0723241706,37.5371475736
건대입구역,수도권,02호선,"1399",대규모점포,08_25_01_P,"3040000","2006304007307500002","20061214","1",영업/정상,"1",정상영업,,"000220241234",11045.549999999999272,,서울특별시 광진구 자양동 227번지 7호,서울특별시 광진구 아차산로 272 (자양동),143758.000000000000000,(주)이마트 자양점,20210903110413,U,2021/09/05 02:40:00.000,대형마트,대규모점포,B000002376,서울신양초등학교,초등학교,1979/04/11,공립,본교,운영,서울특별시 광진구 자양동 504,서울특별시 광진구 능동로 42,"7010000",서울특별시교육청,"7134000",서울특별시성동광진교육지원청,2013/11/29,2022/07/01,2022/09/21,"44",11.000000000000000,127.0697873425,37.5361581172
건대입구역,수도권,02호선,"1399",대규모점포,08_25_01_P,"3040000","2006304007307500002","20061214","1",영업/정상,"1",정상영업,,"000220241234",11045.549999999999272,,서울특별시 광진구 자양동 227번지 7호,서울특별시 광진구 아차산로 272 (자양동),143758.000000000000000,(주)이마트 자양점,20210903110413,U,2021/09/05 02:40:00.000,대형마트,대규모점포,B000002375,서울동자초등학교,초등학교,1984/12/05,공립,본교,운영,서울특별시 광진구 자양동 518-1,서울특별시 광진구 뚝섬로 561,"7010000",서울특별시교육청,"7134000",서울특별시성동광진교육지원청,2013/11/29,2022/07/01,2022/09/21,"45",8.000000000000000,127.0713838006,37.5364855222
잠실나루역,수도권,02호선,"1546",대규모점포,08_25_01_P,"3230000","2014323019807500012","20140717","1",영업/정상,"1",정상영업,,02-2145-8494,6665.890000000000327,,서울특별시 송파구 신천동 29번지 롯데월드타워앤드롯데월드몰,"서울특별시 송파구 올림픽로 300, 롯데월드타워앤드롯데월드몰 (신천동)",5551.000000000000000,롯데쇼핑(주) 롯데마트 월드타워점,20220429164126,U,2022/05/03 02:40:00.000,대형마트,대규모점포,B000002134,서울잠동초등학교,초등학교,1980/09/29,공립,본교,운영,서울특별시 송파구 신천동 7-2,서울특별시 송파구 올림픽로35길 122,"7010000",서울특별시교육청,"7130000",서울특별시강동송파교육지원청,2013/11/29,2022/07/01,2022/09/21,"46",4.000000000000000,127.1012605366,37.5170828449
잠실나루역,수도권,02호선,"1594",대규모점포,08_25_01_P,"3230000","2007323013107500001","20070709","1",영업/정상,"1",정상영업,,"0234688122",13934.639999999999418,,서울특별시 송파구 신천동 7번지 12  호,서울특별시 송파구 올림픽로35가길 16 (신천동),138240.000000000000000,홈플러스(주)잠실점,20210607194839,U,2021/06/09 02:40:00.000,대형마트,대규모점포,B000008263,잠실중학교,중학교,1980/05/06,공립,본교,운영,서울특별시 송파구 신천동 7-1,서울특별시 송파구 올림픽로35길 130,"7010000",서울특별시교육청,"7130000",서울특별시강동송파교육지원청,2013/11/29,2022/07/01,2022/09/21,"47",4.000000000000000,127.0998950575,37.5183705685
잠실나루역,수도권,02호선,"1594",대규모점포,08_25_01_P,"3230000","2007323013107500001","20070709","1",영업/정상,"1",정상영업,,"0234688122",13934.639999999999418,,서울특별시 송파구 신천동 7번지 12  호,서울특별시 송파구 올림픽로35가길 16 (신천동),138240.000000000000000,홈플러스(주)잠실점,20210607194839,U,2021/06/09 02:40:00.000,대형마트,대규모점포,B000002134,서울잠동초등학교,초등학교,1980/09/29,공립,본교,운영,서울특별시 송파구 신천동 7-2,서울특별시 송파구 올림픽로35길 122,"7010000",서울특별시교육청,"7130000",서울특별시강동송파교육지원청,2013/11/29,2022/07/01,2022/09/21,"48",4.000000000000000,127.1005750023,37.5185444719
잠실역,수도권,02호선,"1546",대규모점포,08_25_01_P,"3230000","2014323019807500012","20140717","1",영업/정상,"1",정상영업,,02-2145-8494,6665.890000000000327,,서울특별시 송파구 신천동 29번지 롯데월드타워앤드롯데월드몰,"서울특별시 송파구 올림픽로 300, 롯데월드타워앤드롯데월드몰 (신천동)",5551.000000000000000,롯데쇼핑(주) 롯데마트 월드타워점,20220429164126,U,2022/05/03 02:40:00.000,대형마트,대규모점포,B000008263,잠실중학교,중학교,1980/05/06,공립,본교,운영,서울특별시 송파구 신천동 7-1,서울특별시 송파구 올림픽로35길 130,"7010000",서울특별시교육청,"7130000",서울특별시강동송파교육지원청,2013/11/29,2022/07/01,2022/09/21,"49",3.000000000000000,127.1000118206,37.5165281680
잠실역,수도권,02호선,"1546",대규모점포,08_25_01_P,"3230000","2014323019807500012","20140717","1",영업/정상,"1",정상영업,,02-2145-8494,6665.890000000000327,,서울특별시 송파구 신천동 29번지 롯데월드타워앤드롯데월드몰,"서울특별시 송파구 올림픽로 300, 롯데월드타워앤드롯데월드몰 (신천동)",5551.000000000000000,롯데쇼핑(주) 롯데마트 월드타워점,20220429164126,U,2022/05/03 02:40:00.000,대형마트,대규모점포,B000002134,서울잠동초등학교,초등학교,1980/09/29,공립,본교,운영,서울특별시 송파구 신천동 7-2,서울특별시 송파구 올림픽로35길 122,"7010000",서울특별시교육청,"7130000",서울특별시강동송파교육지원청,2013/11/29,2022/07/01,2022/09/21,"50",3.000000000000000,127.1008799254,37.5169156818
잠실역,수도권,02호선,"1594",대규모점포,08_25_01_P,"3230000","2007323013107500001","20070709","1",영업/정상,"1",정상영업,,"0234688122",13934.639999999999418,,서울특별시 송파구 신천동 7번지 12  호,서울특별시 송파구 올림픽로35가길 16 (신천동),138240.000000000000000,홈플러스(주)잠실점,20210607194839,U,2021/06/09 02:40:00.000,대형마트,대규모점포,B000008263,잠실중학교,중학교,1980/05/06,공립,본교,운영,서울특별시 송파구 신천동 7-1,서울특별시 송파구 올림픽로35길 130,"7010000",서울특별시교육청,"7130000",서울특별시강동송파교육지원청,2013/11/29,2022/07/01,2022/09/21,"51",3.000000000000000,127.0991113423,37.5169301423
잠실역,수도권,02호선,"1594",대규모점포,08_25_01_P,"3230000","2007323013107500001","20070709","1",영업/정상,"1",정상영업,,"0234688122",13934.639999999999418,,서울특별시 송파구 신천동 7번지 12  호,서울특별시 송파구 올림픽로35가길 16 (신천동),138240.000000000000000,홈플러스(주)잠실점,20210607194839,U,2021/06/09 02:40:00.000,대형마트,대규모점포,B000002134,서울잠동초등학교,초등학교,1980/09/29,공립,본교,운영,서울특별시 송파구 신천동 7-2,서울특별시 송파구 올림픽로35길 122,"7010000",서울특별시교육청,"7130000",서울특별시강동송파교육지원청,2013/11/29,2022/07/01,2022/09/21,"52",3.000000000000000,127.0999908649,37.5172155214
왕십리역,수도권,경의선,"852",대규모점포,08_25_01_P,"3030000","2008303010307500001","20080627","1",영업/정상,"1",정상영업,,02  22001234,11573.000000000000000,133071.000000000000000,서울특별시 성동구 행당동 168번지 1호,서울특별시 성동구 왕십리광장로 17 (행당동),133866.000000000000000,(주)이마트 왕십리점,20200429175256,U,2020/05/01 02:40:00.000,대형마트,대규모점포,B000008420,한양대학교사범대학부속중학교,중학교,1960/01/18,사립,본교,운영,서울특별시 성동구 사근동 223,서울특별시 성동구 마조로 42,"7010000",서울특별시교육청,"7134000",서울특별시성동광진교육지원청,2013/11/29,2022/07/01,2022/09/21,"53",1.000000000000000,127.0414065538,37.5619099911
왕십리역,수도권,경의선,"852",대규모점포,08_25_01_P,"3030000","2008303010307500001","20080627","1",영업/정상,"1",정상영업,,02  22001234,11573.000000000000000,133071.000000000000000,서울특별시 성동구 행당동 168번지 1호,서울특별시 성동구 왕십리광장로 17 (행당동),133866.000000000000000,(주)이마트 왕십리점,20200429175256,U,2020/05/01 02:40:00.000,대형마트,대규모점포,B000008414,동마중학교,중학교,1985/04/26,공립,본교,운영,서울특별시 성동구 마장동 405-45,서울특별시 성동구 마조로11길 18,"7010000",서울특별시교육청,"7134000",서울특별시성동광진교육지원청,2013/11/29,2022/07/01,2022/09/21,"54",2.000000000000000,127.0402432468,37.5627500404
왕십리역,수도권,경의선,"852",대규모점포,08_25_01_P,"3030000","2008303010307500001","20080627","1",영업/정상,"1",정상영업,,02  22001234,11573.000000000000000,133071.000000000000000,서울특별시 성동구 행당동 168번지 1호,서울특별시 성동구 왕십리광장로 17 (행당동),133866.000000000000000,(주)이마트 왕십리점,20200429175256,U,2020/05/01 02:40:00.000,대형마트,대규모점포,B000013452,한양대학교사범대학부속고등학교,고등학교,1960/05/15,사립,본교,운영,서울특별시 성동구 사근동 223,서울특별시 성동구 마조로 42,"7010000",서울특별시교육청,"7134000",서울특별시성동광진교육지원청,2013/11/29,2022/07/01,2022/09/21,"55",1.000000000000000,127.0414065538,37.5619099911
상봉역,수도권,경의선,"830",대규모점포,08_25_01_P,"3060000","2010306009507500001","20000503","1",영업/정상,"1",정상영업,,02-490-1052,9961.600000000000364,131230.000000000000000,서울특별시 중랑구 망우동 506번지 1호,서울특별시 중랑구 상봉로 118 (망우동),131809.000000000000000,주식회사 이마트 상봉점,20200511172146,U,2020/05/13 02:40:00.000,대형마트,대규모점포,B000008107,상봉중학교,중학교,2001/05/06,공립,본교,운영,서울특별시 중랑구 상봉동 282,서울특별시 중랑구 상봉중앙로8나길 28,"7010000",서울특별시교육청,"7021000",서울특별시동부교육지원청,2013/11/29,2022/07/01,2022/09/21,"56",3.000000000000000,127.0897399216,37.5997877266
상봉역,수도권,경의선,"832",대규모점포,08_25_01_P,"3060000","2010306009507500003","20101229","1",영업/정상,"1",정상영업,,"0269228100",22618.650000000001455,131221.000000000000000,서울특별시 중랑구 상봉1동 500번지,"서울특별시 망우로 353-0 (상봉동, 프레미어스 엠코)",131857.000000000000000,홈플러스(주) 서울 상봉점,20210611132746,U,2021/06/13 02:40:00.000,대형마트,대규모점포,B000001873,서울상봉초등학교,초등학교,1983/10/25,공립,본교,운영,서울특별시 중랑구 상봉동 312-1,서울특별시 중랑구 동일로126가길 11,"7010000",서울특별시교육청,"7021000",서울특별시동부교육지원청,2013/11/29,2022/07/01,2022/09/21,"57",4.000000000000000,127.0851370086,37.5980138073
상봉역,수도권,경의선,"832",대규모점포,08_25_01_P,"3060000","2010306009507500003","20101229","1",영업/정상,"1",정상영업,,"0269228100",22618.650000000001455,131221.000000000000000,서울특별시 중랑구 상봉1동 500번지,"서울특별시 망우로 353-0 (상봉동, 프레미어스 엠코)",131857.000000000000000,홈플러스(주) 서울 상봉점,20210611132746,U,2021/06/13 02:40:00.000,대형마트,대규모점포,B000008107,상봉중학교,중학교,2001/05/06,공립,본교,운영,서울특별시 중랑구 상봉동 282,서울특별시 중랑구 상봉중앙로8나길 28,"7010000",서울특별시교육청,"7021000",서울특별시동부교육지원청,2013/11/29,2022/07/01,2022/09/21,"58",3.000000000000000,127.0889301584,37.6002103083
상봉역,수도권,경의선,"832",대규모점포,08_25_01_P,"3060000","2010306009507500003","20101229","1",영업/정상,"1",정상영업,,"0269228100",22618.650000000001455,131221.000000000000000,서울특별시 중랑구 상봉1동 500번지,"서울특별시 망우로 353-0 (상봉동, 프레미어스 엠코)",131857.000000000000000,홈플러스(주) 서울 상봉점,20210611132746,U,2021/06/13 02:40:00.000,대형마트,대규모점포,B000001879,서울중흥초등학교,초등학교,1999/10/02,공립,본교,운영,서울특별시 중랑구 중화동 119,서울특별시 중랑구 봉화산로 82,"7010000",서울특별시교육청,"7021000",서울특별시동부교육지원청,2013/11/29,2022/07/01,2022/09/21,"59",3.000000000000000,127.0859547363,37.6006819334
상봉역,수도권,경의선,"834",대규모점포,08_25_01_P,"3060000","2005306007507500001","20010418","1",영업/정상,"1",정상영업,,02-439-1144,9776.280000000000655,,서울특별시 중랑구 상봉동 81호,서울특별시 중랑구 망우로 336 (상봉동),131858.000000000000000,코스트코홀세일 상봉점,20151203175405,I,2018/08/31 23:59:59.000,대형마트,대규모점포,B000001873,서울상봉초등학교,초등학교,1983/10/25,공립,본교,운영,서울특별시 중랑구 상봉동 312-1,서울특별시 중랑구 동일로126가길 11,"7010000",서울특별시교육청,"7021000",서울특별시동부교육지원청,2013/11/29,2022/07/01,2022/09/21,"60",4.000000000000000,127.0850080733,37.5976832093
상봉역,수도권,경의선,"834",대규모점포,08_25_01_P,"3060000","2005306007507500001","20010418","1",영업/정상,"1",정상영업,,02-439-1144,9776.280000000000655,,서울특별시 중랑구 상봉동 81호,서울특별시 중랑구 망우로 336 (상봉동),131858.000000000000000,코스트코홀세일 상봉점,20151203175405,I,2018/08/31 23:59:59.000,대형마트,대규모점포,B000008107,상봉중학교,중학교,2001/05/06,공립,본교,운영,서울특별시 중랑구 상봉동 282,서울특별시 중랑구 상봉중앙로8나길 28,"7010000",서울특별시교육청,"7021000",서울특별시동부교육지원청,2013/11/29,2022/07/01,2022/09/21,"61",3.000000000000000,127.0889301584,37.6002103083
망우역,수도권,경의선,"830",대규모점포,08_25_01_P,"3060000","2010306009507500001","20000503","1",영업/정상,"1",정상영업,,02-490-1052,9961.600000000000364,131230.000000000000000,서울특별시 중랑구 망우동 506번지 1호,서울특별시 중랑구 상봉로 118 (망우동),131809.000000000000000,주식회사 이마트 상봉점,20200511172146,U,2020/05/13 02:40:00.000,대형마트,대규모점포,B000008107,상봉중학교,중학교,2001/05/06,공립,본교,운영,서울특별시 중랑구 상봉동 282,서울특별시 중랑구 상봉중앙로8나길 28,"7010000",서울특별시교육청,"7021000",서울특별시동부교육지원청,2013/11/29,2022/07/01,2022/09/21,"62",3.000000000000000,127.0909934187,37.6002151801
망우역,수도권,경의선,"832",대규모점포,08_25_01_P,"3060000","2010306009507500003","20101229","1",영업/정상,"1",정상영업,,"0269228100",22618.650000000001455,131221.000000000000000,서울특별시 중랑구 상봉1동 500번지,"서울특별시 망우로 353-0 (상봉동, 프레미어스 엠코)",131857.000000000000000,홈플러스(주) 서울 상봉점,20210611132746,U,2021/06/13 02:40:00.000,대형마트,대규모점포,B000001876,서울중화초등학교,초등학교,1946/11/07,공립,본교,운영,서울특별시 중랑구 신내동 531,서울특별시 중랑구 신내로7가길 22,"7010000",서울특별시교육청,"7021000",서울특별시동부교육지원청,2013/11/29,2022/07/01,2022/09/21,"63",2.000000000000000,127.0931492169,37.6016983979
망우역,수도권,경의선,"832",대규모점포,08_25_01_P,"3060000","2010306009507500003","20101229","1",영업/정상,"1",정상영업,,"0269228100",22618.650000000001455,131221.000000000000000,서울특별시 중랑구 상봉1동 500번지,"서울특별시 망우로 353-0 (상봉동, 프레미어스 엠코)",131857.000000000000000,홈플러스(주) 서울 상봉점,20210611132746,U,2021/06/13 02:40:00.000,대형마트,대규모점포,B000008107,상봉중학교,중학교,2001/05/06,공립,본교,운영,서울특별시 중랑구 상봉동 282,서울특별시 중랑구 상봉중앙로8나길 28,"7010000",서울특별시교육청,"7021000",서울특별시동부교육지원청,2013/11/29,2022/07/01,2022/09/21,"64",3.000000000000000,127.0901563332,37.6012415032
망우역,수도권,경의선,"834",대규모점포,08_25_01_P,"3060000","2005306007507500001","20010418","1",영업/정상,"1",정상영업,,02-439-1144,9776.280000000000655,,서울특별시 중랑구 상봉동 81호,서울특별시 중랑구 망우로 336 (상봉동),131858.000000000000000,코스트코홀세일 상봉점,20151203175405,I,2018/08/31 23:59:59.000,대형마트,대규모점포,B000008107,상봉중학교,중학교,2001/05/06,공립,본교,운영,서울특별시 중랑구 상봉동 282,서울특별시 중랑구 상봉중앙로8나길 28,"7010000",서울특별시교육청,"7021000",서울특별시동부교육지원청,2013/11/29,2022/07/01,2022/09/21,"65",3.000000000000000,127.0901429406,37.6006044072
도농역,수도권,경의선,"1736",대규모점포,08_25_01_P,"3990000","2008399008907500001","20080328","1",영업/정상,"1",정상영업,,031-579-1052,10760.000000000000000,,경기도 남양주시 다산동 4001번지 29호,"경기도 남양주시 도농로 24 (다산동, 부영애시앙)",12256.000000000000000,(주)이마트 다산점,20200429085921,U,2020/05/01 02:40:00.000,대형마트,대규모점포,B000004569,남양주미금초등학교,초등학교,1983/10/08,공립,본교,운영,경기도 남양주시 다산동 4028-14,경기도 남양주시 미금로56번길 32-13,"7530000",경기도교육청,"7652000",경기도구리남양주교육지원청,2013/11/29,2022/07/01,2022/09/21,"66",7.000000000000000,127.1563936816,37.6089001013
도농역,수도권,경의선,"1736",대규모점포,08_25_01_P,"3990000","2008399008907500001","20080328","1",영업/정상,"1",정상영업,,031-579-1052,10760.000000000000000,,경기도 남양주시 다산동 4001번지 29호,"경기도 남양주시 도농로 24 (다산동, 부영애시앙)",12256.000000000000000,(주)이마트 다산점,20200429085921,U,2020/05/01 02:40:00.000,대형마트,대규모점포,B000004559,금교초등학교,초등학교,2001/09/01,공립,본교,운영,경기도 남양주시 다산동 4002-17,경기도 남양주시 미금로 194,"7530000",경기도교육청,"7652000",경기도구리남양주교육지원청,2013/11/29,2022/07/01,2022/09/21,"67",6.000000000000000,127.1607227194,37.6127214319
도농역,수도권,경의선,"1736",대규모점포,08_25_01_P,"3990000","2008399008907500001","20080328","1",영업/정상,"1",정상영업,,031-579-1052,10760.000000000000000,,경기도 남양주시 다산동 4001번지 29호,"경기도 남양주시 도농로 24 (다산동, 부영애시앙)",12256.000000000000000,(주)이마트 다산점,20200429085921,U,2020/05/01 02:40:00.000,대형마트,대규모점포,B000012695,동화고등학교,고등학교,1973/06/05,사립,본교,운영,경기도 남양주시 다산동 4106,경기도 남양주시 경춘로 434,"7530000",경기도교육청,"7652000",경기도구리남양주교육지원청,2013/11/29,2022/07/01,2022/09/21,"68",5.000000000000000,127.1619037000,37.6079309900
도농역,수도권,경의선,"1736",대규모점포,08_25_01_P,"3990000","2008399008907500001","20080328","1",영업/정상,"1",정상영업,,031-579-1052,10760.000000000000000,,경기도 남양주시 다산동 4001번지 29호,"경기도 남양주시 도농로 24 (다산동, 부영애시앙)",12256.000000000000000,(주)이마트 다산점,20200429085921,U,2020/05/01 02:40:00.000,대형마트,대규모점포,B000004568,도농초등학교,초등학교,2002/03/01,공립,본교,운영,경기도 남양주시 다산동 4002-6,경기도 남양주시 도농로 72,"7530000",경기도교육청,"7652000",경기도구리남양주교육지원청,2013/11/29,2022/07/01,2022/09/21,"69",7.000000000000000,127.1582190827,37.6116737768
도농역,수도권,경의선,"1736",대규모점포,08_25_01_P,"3990000","2008399008907500001","20080328","1",영업/정상,"1",정상영업,,031-579-1052,10760.000000000000000,,경기도 남양주시 다산동 4001번지 29호,"경기도 남양주시 도농로 24 (다산동, 부영애시앙)",12256.000000000000000,(주)이마트 다산점,20200429085921,U,2020/05/01 02:40:00.000,대형마트,대규모점포,B000009608,도농중학교,중학교,2002/03/01,공립,본교,운영,경기도 남양주시 다산동 4002-40,경기도 남양주시 미금로 234,"7530000",경기도교육청,"7652000",경기도구리남양주교육지원청,2013/11/29,2022/07/01,2022/09/21,"70",9.000000000000000,127.1625824464,37.6104926355
도농역,수도권,경의선,"1736",대규모점포,08_25_01_P,"3990000","2008399008907500001","20080328","1",영업/정상,"1",정상영업,,031-579-1052,10760.000000000000000,,경기도 남양주시 다산동 4001번지 29호,"경기도 남양주시 도농로 24 (다산동, 부영애시앙)",12256.000000000000000,(주)이마트 다산점,20200429085921,U,2020/05/01 02:40:00.000,대형마트,대규모점포,B000009612,동화중학교,중학교,1950/06/05,사립,본교,운영,경기도 남양주시 다산동 4106,경기도 남양주시 경춘로 434,"7530000",경기도교육청,"7652000",경기도구리남양주교육지원청,2013/11/29,2022/07/01,2022/09/21,"71",5.000000000000000,127.1619037000,37.6079309900
도농역,수도권,경의선,"1736",대규모점포,08_25_01_P,"3990000","2008399008907500001","20080328","1",영업/정상,"1",정상영업,,031-579-1052,10760.000000000000000,,경기도 남양주시 다산동 4001번지 29호,"경기도 남양주시 도농로 24 (다산동, 부영애시앙)",12256.000000000000000,(주)이마트 다산점,20200429085921,U,2020/05/01 02:40:00.000,대형마트,대규모점포,B000004570,남양주양정초등학교,초등학교,1949/10/18,공립,본교,운영,경기도 남양주시 다산동 3099-43,경기도 남양주시 경춘로 468-33,"7530000",경기도교육청,"7652000",경기도구리남양주교육지원청,2013/11/29,2022/07/01,2022/09/21,"72",7.000000000000000,127.1639289719,37.6086516531
덕소역,수도권,경의선,"1734",대규모점포,08_25_01_P,"3990000","2005399008907500001","20050324","1",영업/정상,"1",정상영업,,031 579 7700,7189.000000000000000,,경기도 남양주시 와부읍 덕소리 501-3호,경기도 남양주시 와부읍 월문천로 33,472900.999999999941792,롯데쇼핑(주)롯데마트덕소점,20220503173637,U,2022/05/05 02:40:00.000,대형마트,대규모점포,B000004599,덕소초등학교,초등학교,1924/10/24,공립,본교,운영,경기도 남양주시 와부읍 덕소리 431-1,경기도 남양주시 와부읍 수레로 17,"7530000",경기도교육청,"7652000",경기도구리남양주교육지원청,2013/11/29,2022/07/01,2022/09/21,"73",10.000000000000000,127.2136210221,37.5872740387
도심역,수도권,경의선,"1734",대규모점포,08_25_01_P,"3990000","2005399008907500001","20050324","1",영업/정상,"1",정상영업,,031 579 7700,7189.000000000000000,,경기도 남양주시 와부읍 덕소리 501-3호,경기도 남양주시 와부읍 월문천로 33,472900.999999999941792,롯데쇼핑(주)롯데마트덕소점,20220503173637,U,2022/05/05 02:40:00.000,대형마트,대규모점포,B000004602,남양주도곡초등학교,초등학교,1999/03/02,공립,본교,운영,경기도 남양주시 와부읍 도곡리 산46-7,경기도 남양주시 와부읍 덕소로 179,"7530000",경기도교육청,"7652000",경기도구리남양주교육지원청,2013/11/29,2022/07/01,2022/09/21,"74",2.000000000000000,127.2177972581,37.5811817331
도심역,수도권,경의선,"1734",대규모점포,08_25_01_P,"3990000","2005399008907500001","20050324","1",영업/정상,"1",정상영업,,031 579 7700,7189.000000000000000,,경기도 남양주시 와부읍 덕소리 501-3호,경기도 남양주시 와부읍 월문천로 33,472900.999999999941792,롯데쇼핑(주)롯데마트덕소점,20220503173637,U,2022/05/05 02:40:00.000,대형마트,대규모점포,B000012702,덕소고등학교,고등학교,1983/04/28,사립,본교,운영,경기도 남양주시 와부읍 도곡리 986,경기도 남양주시 와부읍 덕소로 194,"7530000",경기도교육청,"7652000",경기도구리남양주교육지원청,2013/11/29,2022/07/01,2022/09/21,"75",2.000000000000000,127.2174085774,37.5809435688
양평역,수도권,경의선,"913",대규모점포,08_25_01_P,"3180000","2005318007607500003","20051111","1",영업/정상,"1",정상영업,,02-2630-2651,8724.729999999999563,,서울특별시 영등포구 양평동3가 65호,서울특별시 영등포구 선유로 156 (양평동3가),,코스트코 홀세일,20170707103641,I,2018/08/31 23:59:59.000,대형마트,대규모점포,B000002004,서울당중초등학교,초등학교,1949/10/28,공립,본교,운영,서울특별시 영등포구 양평동3가 42,서울특별시 영등포구 선유로 131,"7010000",서울특별시교육청,"7041000",서울특별시남부교육지원청,2013/11/29,2022/07/01,2022/09/21,"76",6.000000000000000,126.8894312454,37.5262987868
서울역,수도권,경의선,"1520",대규모점포,08_25_01_P,"3010000","2004301007107500001","20040601","1",영업/정상,"1",정상영업,,02   4118500,11090.620000000000800,,서울특별시 중구 봉래동2가 122호,서울특별시 중구 청파로 426 (봉래동2가),100162.000000000000000,롯데쇼핑(주)롯데마트서울역점,20220510092353,U,2022/05/12 02:40:00.000,대형마트,대규모점포,B000002098,서울봉래초등학교,초등학교,1895/09/18,공립,본교,운영,서울특별시 중구 만리동2가 2,서울특별시 중구 손기정로 73,"7010000",서울특별시교육청,"7061000",서울특별시중부교육지원청,2013/11/29,2022/07/01,2022/09/21,"77",7.000000000000000,126.9663886372,37.5559623501
서울역,수도권,경의선,"1520",대규모점포,08_25_01_P,"3010000","2004301007107500001","20040601","1",영업/정상,"1",정상영업,,02   4118500,11090.620000000000800,,서울특별시 중구 봉래동2가 122호,서울특별시 중구 청파로 426 (봉래동2가),100162.000000000000000,롯데쇼핑(주)롯데마트서울역점,20220510092353,U,2022/05/12 02:40:00.000,대형마트,대규모점포,B000011295,서울의료보건고등학교,고등학교,1992/10/02,사립,본교,운영,서울특별시 중구 중림동 324-14,서울특별시 중구 만리재로37길 30,"7010000",서울특별시교육청,"7061000",서울특별시중부교육지원청,2013/11/29,2022/07/01,2022/09/21,"78",7.000000000000000,126.9673524546,37.5565184663
효창공원앞역,수도권,경의선,"892",대규모점포,08_25_01_P,"3020000","2012302009507500001","20120313","1",영업/정상,"1",정상영업,,"0220772800",3271.000000000000000,140012.000000000000000,서울특별시 용산구 한강로2가 15번지 19호,서울특별시 용산구 청파로 122 (한강로2가),140012.000000000000000,(주)농협유통하나로클럽용산점,20200427090108,U,2020/04/29 02:40:00.000,대형마트,대규모점포,B000002120,서울남정초등학교,초등학교,1945/11/01,공립,본교,운영,서울특별시 용산구 원효로2가 54-1,서울특별시 용산구 원효로64길 17-10,"7010000",서울특별시교육청,"7061000",서울특별시중부교육지원청,2013/11/29,2022/07/01,2022/09/21,"79",10.000000000000000,126.9641636212,37.5363526846
공덕역,수도권,경의선,"2490",대규모점포,08_25_01_P,"3130000","2010313011807500001","20101223","1",영업/정상,"1",정상영업,,"3809414",5687.960000000000036,121802.000000000000000,서울특별시 마포구 공덕동 173번지 대우월드마크마포,서울특별시 마포구 백범로 212 (신공덕동),121030.000000000000000,(주)이마트 마포점,20210823094323,U,2021/08/25 02:40:00.000,대형마트,대규모점포,B000001946,서울염리초등학교,초등학교,1983/11/22,공립,본교,운영,서울특별시 마포구 염리동 173-4,서울특별시 마포구 토정로37길 37,"7010000",서울특별시교육청,"7031000",서울특별시서부교육지원청,2013/11/29,2022/07/01,2022/09/21,"80",10.000000000000000,126.9479798128,37.5426339812
공덕역,수도권,경의선,"2490",대규모점포,08_25_01_P,"3130000","2010313011807500001","20101223","1",영업/정상,"1",정상영업,,"3809414",5687.960000000000036,121802.000000000000000,서울특별시 마포구 공덕동 173번지 대우월드마크마포,서울특별시 마포구 백범로 212 (신공덕동),121030.000000000000000,(주)이마트 마포점,20210823094323,U,2021/08/25 02:40:00.000,대형마트,대규모점포,B000001930,서울공덕초등학교,초등학교,1944/04/11,공립,본교,운영,서울특별시 마포구 공덕동 256-4,서울특별시 마포구 만리재옛길 13,"7010000",서울특별시교육청,"7031000",서울특별시서부교육지원청,2013/11/29,2022/07/01,2022/09/21,"81",8.000000000000000,126.9546593708,37.5454787620
공덕역,수도권,경의선,"2490",대규모점포,08_25_01_P,"3130000","2010313011807500001","20101223","1",영업/정상,"1",정상영업,,"3809414",5687.960000000000036,121802.000000000000000,서울특별시 마포구 공덕동 173번지 대우월드마크마포,서울특별시 마포구 백범로 212 (신공덕동),121030.000000000000000,(주)이마트 마포점,20210823094323,U,2021/08/25 02:40:00.000,대형마트,대규모점포,B000001933,서울마포초등학교,초등학교,1911/06/12,공립,본교,운영,서울특별시 마포구 도화동 347-5,서울특별시 마포구 도화2길 64,"7010000",서울특별시교육청,"7031000",서울특별시서부교육지원청,2013/11/29,2022/07/01,2022/09/21,"82",4.000000000000000,126.9502151156,37.5402593141
공덕역,수도권,경의선,"2491",대규모점포,08_25_01_P,"3130000","2010313011807500002","20101223","1",영업/정상,"1",정상영업,,2197-1234,5687.960000000000036,121852.000000000000000,서울특별시 마포구 신공덕동 173번지,서울특별시 마포구  백범로  212 (신공덕동),121852.000000000000000,(주)이마트 마포점,20200429135050,U,2020/05/01 02:40:00.000,대형마트,대규모점포,B000001946,서울염리초등학교,초등학교,1983/11/22,공립,본교,운영,서울특별시 마포구 염리동 173-4,서울특별시 마포구 토정로37길 37,"7010000",서울특별시교육청,"7031000",서울특별시서부교육지원청,2013/11/29,2022/07/01,2022/09/21,"83",10.000000000000000,126.9479798128,37.5426339812
공덕역,수도권,경의선,"2491",대규모점포,08_25_01_P,"3130000","2010313011807500002","20101223","1",영업/정상,"1",정상영업,,2197-1234,5687.960000000000036,121852.000000000000000,서울특별시 마포구 신공덕동 173번지,서울특별시 마포구  백범로  212 (신공덕동),121852.000000000000000,(주)이마트 마포점,20200429135050,U,2020/05/01 02:40:00.000,대형마트,대규모점포,B000001930,서울공덕초등학교,초등학교,1944/04/11,공립,본교,운영,서울특별시 마포구 공덕동 256-4,서울특별시 마포구 만리재옛길 13,"7010000",서울특별시교육청,"7031000",서울특별시서부교육지원청,2013/11/29,2022/07/01,2022/09/21,"84",8.000000000000000,126.9546593708,37.5454787620
공덕역,수도권,경의선,"2491",대규모점포,08_25_01_P,"3130000","2010313011807500002","20101223","1",영업/정상,"1",정상영업,,2197-1234,5687.960000000000036,121852.000000000000000,서울특별시 마포구 신공덕동 173번지,서울특별시 마포구  백범로  212 (신공덕동),121852.000000000000000,(주)이마트 마포점,20200429135050,U,2020/05/01 02:40:00.000,대형마트,대규모점포,B000001933,서울마포초등학교,초등학교,1911/06/12,공립,본교,운영,서울특별시 마포구 도화동 347-5,서울특별시 마포구 도화2길 64,"7010000",서울특별시교육청,"7031000",서울특별시서부교육지원청,2013/11/29,2022/07/01,2022/09/21,"85",4.000000000000000,126.9502151156,37.5402593141
수색역,수도권,경의선,"869",대규모점포,08_25_01_P,"3110000","2009311013107500001","20090928","1",영업/정상,"1",정상영업,,02  69431052,6881.199999999999818,122090.000000000000000,서울특별시 은평구 수색동 75번지,서울특별시 은평구 수색로 217 (수색동),,(주)이마트 수색점,20200422152022,U,2020/04/24 02:40:00.000,대형마트,대규모점포,B000001897,서울수색초등학교,초등학교,1935/04/01,공립,본교,운영,서울특별시 은평구 수색동 129,서울특별시 은평구 수색로16길 21,"7010000",서울특별시교육청,"7031000",서울특별시서부교육지원청,2013/11/29,2022/07/01,2022/09/21,"86",5.000000000000000,126.8967435567,37.5836529270
수색역,수도권,경의선,"869",대규모점포,08_25_01_P,"3110000","2009311013107500001","20090928","1",영업/정상,"1",정상영업,,02  69431052,6881.199999999999818,122090.000000000000000,서울특별시 은평구 수색동 75번지,서울특별시 은평구 수색로 217 (수색동),,(주)이마트 수색점,20200422152022,U,2020/04/24 02:40:00.000,대형마트,대규모점포,B000001950,서울상암초등학교,초등학교,1972/07/10,공립,본교,운영,서울특별시 마포구 상암동 1635,서울특별시 마포구 월드컵북로 353,"7010000",서울특별시교육청,"7031000",서울특별시서부교육지원청,2013/11/29,2022/07/01,2022/09/21,"87",6.000000000000000,126.8940693878,37.5772181320
풍산역,수도권,경의선,"1234",대규모점포,08_25_01_P,"3940000","2012394025707500011","20121121","1",영업/정상,"1",정상영업,,02-380-9414,12545.000000000000000,,경기도 고양시 일산동구 중산동 1809번지,경기도 고양시 일산동구 무궁화로 237 (중산동),10311.000000000000000,이마트 풍산점,20211220140646,U,2021/12/22 02:40:00.000,대형마트,대규모점포,B000004478,하늘초등학교,초등학교,2007/09/01,공립,본교,운영,경기도 고양시 일산동구 중산동 1799,경기도 고양시 일산동구 하늘마을1로 46,"7530000",경기도교육청,"7621000",경기도고양교육지원청,2013/11/29,2022/07/01,2022/09/21,"88",6.000000000000000,126.7889044858,37.6760291550
서초역,수도권,02호선,"1568",대규모점포,08_25_01_P,"3210000","2015321015507500001","20150203","1",영업/정상,"1",정상영업,,02-2145-8000,12066.120000000000800,,"서울특별시 서초구 서초동 1498번지 5호  (영업장 지하1층,지하2층)",,,롯데쇼핑(주) 롯데마트 서초점,20220502163013,U,2022/05/04 02:40:00.000,대형마트,대규모점포,B000012055,서초고등학교,고등학교,1984/04/18,공립,본교,운영,서울특별시 서초구 서초동 1504,서울특별시 서초구 반포대로27길 29,"7010000",서울특별시교육청,"7091300",서울특별시강남서초교육지원청,2013/11/29,2022/07/01,2022/09/21,"89",7.000000000000000,127.0054119398,37.4896444564
왕십리역,수도권,02호선,"852",대규모점포,08_25_01_P,"3030000","2008303010307500001","20080627","1",영업/정상,"1",정상영업,,02  22001234,11573.000000000000000,133071.000000000000000,서울특별시 성동구 행당동 168번지 1호,서울특별시 성동구 왕십리광장로 17 (행당동),133866.000000000000000,(주)이마트 왕십리점,20200429175256,U,2020/05/01 02:40:00.000,대형마트,대규모점포,B000008420,한양대학교사범대학부속중학교,중학교,1960/01/18,사립,본교,운영,서울특별시 성동구 사근동 223,서울특별시 성동구 마조로 42,"7010000",서울특별시교육청,"7134000",서울특별시성동광진교육지원청,2013/11/29,2022/07/01,2022/09/21,"90",1.000000000000000,127.0414065538,37.5619099911
왕십리역,수도권,02호선,"852",대규모점포,08_25_01_P,"3030000","2008303010307500001","20080627","1",영업/정상,"1",정상영업,,02  22001234,11573.000000000000000,133071.000000000000000,서울특별시 성동구 행당동 168번지 1호,서울특별시 성동구 왕십리광장로 17 (행당동),133866.000000000000000,(주)이마트 왕십리점,20200429175256,U,2020/05/01 02:40:00.000,대형마트,대규모점포,B000008414,동마중학교,중학교,1985/04/26,공립,본교,운영,서울특별시 성동구 마장동 405-45,서울특별시 성동구 마조로11길 18,"7010000",서울특별시교육청,"7134000",서울특별시성동광진교육지원청,2013/11/29,2022/07/01,2022/09/21,"91",2.000000000000000,127.0402432468,37.5627500404
왕십리역,수도권,02호선,"852",대규모점포,08_25_01_P,"3030000","2008303010307500001","20080627","1",영업/정상,"1",정상영업,,02  22001234,11573.000000000000000,133071.000000000000000,서울특별시 성동구 행당동 168번지 1호,서울특별시 성동구 왕십리광장로 17 (행당동),133866.000000000000000,(주)이마트 왕십리점,20200429175256,U,2020/05/01 02:40:00.000,대형마트,대규모점포,B000013452,한양대학교사범대학부속고등학교,고등학교,1960/05/15,사립,본교,운영,서울특별시 성동구 사근동 223,서울특별시 성동구 마조로 42,"7010000",서울특별시교육청,"7134000",서울특별시성동광진교육지원청,2013/11/29,2022/07/01,2022/09/21,"92",1.000000000000000,127.0414065538,37.5619099911
상왕십리역,수도권,02호선,"852",대규모점포,08_25_01_P,"3030000","2008303010307500001","20080627","1",영업/정상,"1",정상영업,,02  22001234,11573.000000000000000,133071.000000000000000,서울특별시 성동구 행당동 168번지 1호,서울특별시 성동구 왕십리광장로 17 (행당동),133866.000000000000000,(주)이마트 왕십리점,20200429175256,U,2020/05/01 02:40:00.000,대형마트,대규모점포,B000002355,서울동명초등학교,초등학교,1944/10/10,공립,본교,운영,서울특별시 성동구 마장동 556,서울특별시 성동구 마장로29길 29,"7010000",서울특별시교육청,"7134000",서울특별시성동광진교육지원청,2013/11/29,2022/07/01,2022/09/21,"93",2.000000000000000,127.0340420928,37.5666330736
도림천역,수도권,02호선,"2521",대규모점포,08_25_01_P,"3160000","2007316011707500001","20070813","1",영업/정상,"1",정상영업,,"0226182080",11914.000000000000000,,서울특별시 구로구 신도림동 337번지 신도림1차푸르지오,"서울특별시 구로구 경인로 661, 신도림1차푸르지오 (신도림동)",8208.000000000000000,홈플러스(주) 신도림점,20210611103206,U,2021/06/13 02:40:00.000,대형마트,대규모점포,B000008160,신도림중학교,중학교,1984/05/06,공립,본교,운영,서울특별시 구로구 신도림동 311-1,서울특별시 구로구 경인로63길 74,"7010000",서울특별시교육청,"7041000",서울특별시남부교육지원청,2013/11/29,2022/07/01,2022/09/21,"94",3.000000000000000,126.8844702102,37.5113256752
도림천역,수도권,02호선,"2521",대규모점포,08_25_01_P,"3160000","2007316011707500001","20070813","1",영업/정상,"1",정상영업,,"0226182080",11914.000000000000000,,서울특별시 구로구 신도림동 337번지 신도림1차푸르지오,"서울특별시 구로구 경인로 661, 신도림1차푸르지오 (신도림동)",8208.000000000000000,홈플러스(주) 신도림점,20210611103206,U,2021/06/13 02:40:00.000,대형마트,대규모점포,B000001972,서울신도림초등학교,초등학교,1982/10/22,공립,본교,운영,서울특별시 구로구 신도림동 300-6,서울특별시 구로구 신도림로19길 44,"7010000",서울특별시교육청,"7041000",서울특별시남부교육지원청,2013/11/29,2022/07/01,2022/09/21,"95",2.000000000000000,126.8840522278,37.5115290767
용두역,수도권,02호선,"1408",대규모점포,08_25_01_P,"3050000","2003305008207500001","20031023","1",영업/정상,"1",정상영업,,"0221738123",12010.000000000000000,130817.000000000000000,서울특별시 동대문구 용두동 33번지 1호,서울특별시 동대문구 천호대로 133 (용두동),130817.000000000000000,홈플러스(주) 동대문점,20210614113440,U,2021/06/16 02:40:00.000,대형마트,대규모점포,B000001841,서울신답초등학교,초등학교,1972/05/09,공립,본교,운영,서울특별시 동대문구 답십리동 463-13,서울특별시 동대문구 천호대로 177,"7010000",서울특별시교육청,"7021000",서울특별시동부교육지원청,2013/11/29,2022/07/01,2022/09/21,"96",3.000000000000000,127.0423022440,37.5728993492
용두역,수도권,02호선,"1408",대규모점포,08_25_01_P,"3050000","2003305008207500001","20031023","1",영업/정상,"1",정상영업,,"0221738123",12010.000000000000000,130817.000000000000000,서울특별시 동대문구 용두동 33번지 1호,서울특별시 동대문구 천호대로 133 (용두동),130817.000000000000000,홈플러스(주) 동대문점,20210614113440,U,2021/06/16 02:40:00.000,대형마트,대규모점포,B000008085,숭인중학교,중학교,1975/06/01,공립,본교,운영,서울특별시 동대문구 답십리동 463-1,서울특별시 동대문구 천호대로47길 34,"7010000",서울특별시교육청,"7021000",서울특별시동부교육지원청,2013/11/29,2022/07/01,2022/09/21,"97",4.000000000000000,127.0429457473,37.5739480705
용산역,수도권,경의선,"892",대규모점포,08_25_01_P,"3020000","2012302009507500001","20120313","1",영업/정상,"1",정상영업,,"0220772800",3271.000000000000000,140012.000000000000000,서울특별시 용산구 한강로2가 15번지 19호,서울특별시 용산구 청파로 122 (한강로2가),140012.000000000000000,(주)농협유통하나로클럽용산점,20200427090108,U,2020/04/29 02:40:00.000,대형마트,대규모점포,B000002120,서울남정초등학교,초등학교,1945/11/01,공립,본교,운영,서울특별시 용산구 원효로2가 54-1,서울특별시 용산구 원효로64길 17-10,"7010000",서울특별시교육청,"7061000",서울특별시중부교육지원청,2013/11/29,2022/07/01,2022/09/21,"98",7.000000000000000,126.9648062891,37.5342386871
