?????,??????,lat,long,???,????ID,??????_1,???????,???????_1,???????__1,???????_2,?????_1,???????_3,??????_1_1,??????_2,?????_2,???????_4,??????_1_2,???????_5,???????_6,????,??,???????_7,x,y
???????,??????,37.477089631373197,126.963505817942007,02???,B000008399,??????????,??????,1971/05/20,????,????,??,????????? ????? ????? 1647,????????? ????? ????9?? 35,"7010000",?????????????,"7132000",???????????????????????,2013/11/29,2022/07/01,37.472696210000002,126.968840200000002,2022/09/21,126.9673196187,37.4739082924
???????,??????,37.477089631373197,126.963505817942007,02???,B000012039,???????????,????????,1991/04/30,????,????,??,????????? ????? ???? 236-23,????????? ????? ????? 51,"7010000",?????????????,"7132000",???????????????????????,2013/11/29,2022/07/01,37.482601940000002,126.965086299999996,2022/09/21,126.9646664003,37.4811806718
???????,??????,37.477089631373197,126.963505817942007,02???,B000012049,???????????????,????????,1972/05/25,??,????,??,????????? ????? ????? 1690-133,????????? ????? ?????????247?? 26,"7010000",?????????????,"7132000",???????????????????????,2013/11/29,2022/07/01,37.476696310000001,126.966748499999994,2022/09/21,126.9667485000,37.4766963100
???????,??????,37.477089631373197,126.963505817942007,02???,B000008398,??????????,??????,1982/04/30,????,????,??,????????? ????? ????? 100-569,????????? ????? ?????????237?? 60,"7010000",?????????????,"7132000",???????????????????????,2013/11/29,2022/07/01,37.481258279999999,126.961912299999995,2022/09/21,126.9621893770,37.4805318218
???????,??????,37.477089631373197,126.963505817942007,02???,B000002338,???????????????,???????,1980/04/02,????,????,??,????????? ????? ????? 212-3,????????? ????? ???????? 23,"7010000",?????????????,"7132000",???????????????????????,2013/11/29,2022/07/01,37.476754990000003,126.959863900000002,2022/09/21,126.9599388020,37.4767614837
???????,??????,37.477089631373197,126.963505817942007,02???,B000002312,?????????????,???????,1992/05/06,????,????,??,????????? ????? ???? ??32-114,????????? ????? ????? 47,"7010000",?????????????,"7132000",???????????????????????,2013/11/29,2022/07/01,37.482807610000002,126.964964300000005,2022/09/21,126.9645739044,37.4812814257
???????????,??????,37.481284500826497,126.952695107942006,02???,B000002335,??????????????,???????,1967/09/15,????,????,??,????????? ????? ????? 28-6,????????? ????? ????1???? 17,"7010000",?????????????,"7132000",???????????????????????,2013/11/29,2022/07/01,37.483269600000000,126.958188399999997,2022/09/21,126.9570431526,37.4828565554
???????????,??????,37.481284500826497,126.952695107942006,02???,B000002336,???????????????,???????,1973/06/27,????,????,??,????????? ????? ????? 1669-1,????????? ????? ????? 505,"7010000",?????????????,"7132000",???????????????????????,2013/11/29,2022/07/01,37.481280460000001,126.956249299999996,2022/09/21,126.9562084220,37.4812805194
???????????,??????,37.481284500826497,126.952695107942006,02???,B000008397,??????????,??????,1969/11/11,????,????,??,????????? ????? ????? 25-19,????????? ????? ?????24???? 15,"7010000",?????????????,"7132000",???????????????????????,2013/11/29,2022/07/01,37.484102739999997,126.958890900000000,2022/09/21,126.9572858226,37.4833652493
???????????,??????,37.481284500826497,126.952695107942006,02???,B000002334,??????????????,???????,1985/10/18,????,????,??,????????? ????? ????? 390-3,????????? ????? ?????5?? 61,"7010000",?????????????,"7132000",???????????????????????,2013/11/29,2022/07/01,37.476725270000003,126.951205700000003,2022/09/21,126.9515041931,37.4776443148
???????????,??????,37.481284500826497,126.952695107942006,02???,B000002340,??????????????,???????,1981/11/04,????,????,??,????????? ????? ????? 458,????????? ????? ??????6???? 1,"7010000",?????????????,"7132000",???????????????????????,2013/11/29,2022/07/01,37.485576350000002,126.949390899999997,2022/09/21,126.9501334623,37.4846196220
??????,??????,37.535118053119000,127.094722999065993,02???,B000002372,?????????????,???????,1998/06/05,????,????,??,????????? ?????? ????? 587-95,????????? ?????? ????????? 69,"7010000",?????????????,"7134000",?????????????????????????,2013/11/29,2022/07/01,37.537096589999997,127.092288800000006,2022/09/21,127.0923022023,37.5370858965
??????,??????,37.535118053119000,127.094722999065993,02???,B000008427,??????????,??????,1979/10/10,????,????,??,????????? ?????? ??? 693,????????? ?????? ?????64?? 45,"7010000",?????????????,"7134000",?????????????????????????,2013/11/29,2022/07/01,37.532219589999997,127.090162100000001,2022/09/21,127.0910583440,37.5327912113
??????,??????,37.535118053119000,127.094722999065993,02???,B000002379,?????????????,???????,1984/05/16,????,????,??,????????? ?????? ??? 692,????????? ?????? ?????64?? 71,"7010000",?????????????,"7134000",?????????????????????????,2013/11/29,2022/07/01,37.531123239999999,127.089234300000001,2022/09/21,127.0907181036,37.5322091138
??????,??????,37.535118053119000,127.094722999065993,02???,B000002388,???????????,???????,1967/03/20,??,????,??,????????? ?????? ??? 694-1,????????? ?????? ?????4?? 63,"7010000",?????????????,"7134000",?????????????????????????,2013/11/29,2022/07/01,37.533281369999997,127.089281000000000,2022/09/21,127.0903764543,37.5336515941
???????????,??????,37.525830523222197,126.896668349115998,02???,B000001996,?????????????,???????,1949/10/25,????,????,??,????????? ???????? ????????7?? 53,????????? ???????? ?????? 185,"7010000",?????????????,"7041000",?????????????????????,2013/11/29,2022/07/01,37.524143299999999,126.903695499999998,2022/09/21,126.9018128001,37.5245933096
???????????,??????,37.525830523222197,126.896668349115998,02???,B000002004,???????????????,???????,1949/10/28,????,????,??,????????? ???????? ??????3?? 42,????????? ???????? ?????? 131,"7010000",?????????????,"7041000",?????????????????????,2013/11/29,2022/07/01,37.526289230000003,126.889413500000003,2022/09/21,126.8913380449,37.5261691726
???????????,??????,37.525830523222197,126.896668349115998,02???,B000008187,?????????,??????,1980/12/27,????,????,??,????????? ???????? ??????3?? 48,????????? ???????? ?????? 56,"7010000",?????????????,"7041000",?????????????????????,2013/11/29,2022/07/01,37.519659599999997,126.895994500000000,2022/09/21,126.8963096106,37.5213956191
?????????,??????,37.511608348580403,127.086300734320005,02???,B000002131,???????????????,???????,1976/10/01,????,????,??,????????? ?????? ????? 19-1,????????? ?????? ??????? 95,"7010000",?????????????,"7130000",??????????????????????????,2013/11/29,2022/07/01,37.514741659999999,127.081636200000005,2022/09/21,127.0826258776,37.5140784113
?????????,??????,37.511608348580403,127.086300734320005,02???,B000002153,???????????????,???????,1981/11/26,????,????,??,????????? ?????? ????? 229,????????? ?????? ???????12?? 51,"7010000",?????????????,"7130000",??????????????????????????,2013/11/29,2022/07/01,37.507337909999997,127.083849900000004,2022/09/21,127.0843416156,37.5081946389
?????????,??????,37.511608348580403,127.086300734320005,02???,B000012080,???????????,????????,1988/12/23,????,????,??,????????? ?????? ????? 22-2,????????? ?????? ????? 24,"7010000",?????????????,"7130000",??????????????????????????,2013/11/29,2022/07/01,37.514701289999998,127.088283000000004,2022/09/21,127.0881095783,37.5144307079
?????????,??????,37.511608348580403,127.086300734320005,02???,B000002158,???????????????,???????,2007/11/29,????,????,??,????????? ?????? ????? 35-6,????????? ?????? ????????? 81,"7010000",?????????????,"7130000",??????????????????????????,2013/11/29,2022/07/01,37.510281429999999,127.088999200000003,2022/09/21,127.0889992000,37.5102814300
?????????,??????,37.511608348580403,127.086300734320005,02???,B000002132,???????????????,???????,1981/10/17,????,????,??,????????? ?????? ????? 22-4,????????? ?????? ????? 32,"7010000",?????????????,"7130000",??????????????????????????,2013/11/29,2022/07/01,37.514114069999998,127.087943499999994,2022/09/21,127.0879267608,37.5140884367
?????????,??????,37.511608348580403,127.086300734320005,02???,B000008262,??????????,??????,1984/04/25,????,????,??,????????? ?????? ????? 22-1,????????? ?????? ????? 12,"7010000",?????????????,"7130000",??????????????????????????,2013/11/29,2022/07/01,37.516139369999998,127.087801999999996,2022/09/21,127.0875039998,37.5152341650
?????????,??????,37.511608348580403,127.086300734320005,02???,B000012073,???????????,????????,2012/05/06,????,????,??,????????? ?????? ????? 19-2,????????? ?????? ?????????? 21,"7010000",?????????????,"7130000",??????????????????????????,2013/11/29,2022/07/01,37.514521000000002,127.082555200000002,2022/09/21,127.0831488794,37.5140590048
?????????,??????,37.511608348580403,127.086300734320005,02???,B000012087,?????????????,????????,1978/03/24,??,????,??,????????? ?????? ????? 35-1,????????? ?????? ????????? 93,"7010000",?????????????,"7130000",??????????????????????????,2013/11/29,2022/07/01,37.510034470000001,127.089866999999998,2022/09/21,127.0896517549,37.5101302298
????g,??????,37.534773501406903,126.902607283904999,02???,B000001998,?????????????,???????,1984/11/01,????,????,??,????????? ???????? ?????5?? 5-3,????????? ???????? ?????? 187,"7010000",?????????????,"7041000",?????????????????????,2013/11/29,2022/07/01,37.532027440000000,126.899814199999994,2022/09/21,126.9000771120,37.5322852123
????g,??????,37.534773501406903,126.902607283904999,02???,B000011347,????????????????,????????,1995/01/10,????,????,??,????????? ???????? ??????4?? 315-1,????????? ???????? ??????55?? 22,"7010000",?????????????,"7041000",?????????????????????,2013/11/29,2022/07/01,37.539291450000000,126.897259899999995,2022/09/21,126.8988310561,37.5380430446
????g,??????,37.534773501406903,126.902607283904999,02???,B000008182,???????????,??????,1982/12/09,????,????,??,????????? ???????? ?????5?? 5,????????? ???????? ??????41?? 12,"7010000",?????????????,"7041000",?????????????????????,2013/11/29,2022/07/01,37.532483939999999,126.898825099999996,2022/09/21,126.8992822959,37.5327611559
????g,??????,37.534773501406903,126.902607283904999,02???,B000008181,??????????,??????,1968/10/02,????,????,??,????????? ???????? ????? 121,????????? ???????? ???????? 160,"7010000",?????????????,"7041000",?????????????????????,2013/11/29,2022/07/01,37.532033079999998,126.907613999999995,2022/09/21,126.9065610226,37.5326093682
????????,??????,37.559747968898897,126.964484159440985,02???,B000001912,??????????????,???????,1896/05/01,????,????,??,????????? ??????? ???? 36-1,????????? ??????? ?????? 52,"7010000",?????????????,"7031000",?????????????????????,2013/11/29,2022/07/01,37.563350569999997,126.965850599999996,2022/09/21,126.9656885851,37.5629222519
????????,??????,37.559747968898897,126.964484159440985,02???,B000002098,???????????????,???????,1895/09/18,????,????,??,????????? ??? ??????2?? 2,????????? ??? ??????? 73,"7010000",?????????????,"7061000",?????????????????????,2013/11/29,2022/07/01,37.556412340000001,126.965250600000005,2022/09/21,126.9651903811,37.5566720269
????????,??????,37.559747968898897,126.964484159440985,02???,B000011992,???????????,????????,1953/10/10,??,????,??,????????? ??????? ??????2?? 70,????????? ??????? ???????? 65,"7010000",?????????????,"7031000",?????????????????????,2013/11/29,2022/07/01,37.564885130000000,126.964023200000000,2022/09/21,126.9641236763,37.5637006214
????????,??????,37.559747968898897,126.964484159440985,02???,B000001926,???????????,???????,1964/12/03,??,????,??,????????? ??????? ??????2?? 70-2,????????? ??????? ????????9?? 10,"7010000",?????????????,"7031000",?????????????????????,2013/11/29,2022/07/01,37.565110290000000,126.962860599999999,2022/09/21,126.9632817628,37.5637660857
????????,??????,37.559747968898897,126.964484159440985,02???,B000008138,?????????,??????,1953/10/10,??,????,??,????????? ??????? ??????2?? 70,????????? ??????? ???????? 65,"7010000",?????????????,"7031000",?????????????????????,2013/11/29,2022/07/01,37.564885130000000,126.964023200000000,2022/09/21,126.9641236763,37.5637006214
????????,??????,37.559747968898897,126.964484159440985,02???,B000011295,????????????????,????????,1992/10/02,??,????,??,????????? ??? ????? 324-14,????????? ??? ????????37?? 30,"7010000",?????????????,"7061000",?????????????????????,2013/11/29,2022/07/01,37.557298090000003,126.966772700000007,2022/09/21,126.9666888265,37.5573884114
???????,??????,37.511130255696699,127.073835860439999,02???,B000008281,?????????????,??????,1887/10/20,??,????,??,????????? ?????? ????? 50-4,????????? ?????? ???????4?? 16,"7010000",?????????????,"7130000",??????????????????????????,2013/11/29,2022/07/01,37.509453839999999,127.073847299999997,2022/09/21,127.0738473000,37.5094538400
???????,??????,37.511130255696699,127.073835860439999,02???,B000012085,??????????????,????????,1987/10/20,??,????,??,????????? ?????? ????? 50-4,????????? ?????? ???????4?? 16,"7010000",?????????????,"7130000",??????????????????????????,2013/11/29,2022/07/01,37.509453839999999,127.073847299999997,2022/09/21,127.0738473000,37.5094538400
???????,??????,37.511130255696699,127.073835860439999,02???,B000002157,???????????????,???????,1987/04/24,????,????,??,????????? ?????? ????? 115,????????? ?????? ???????4?? 59,"7010000",?????????????,"7130000",??????????????????????????,2013/11/29,2022/07/01,37.505826890000002,127.075764000000007,2022/09/21,127.0752697907,37.5071592550
??????,??????,37.549901442065000,126.914447288630996,02???,B000008152,??????????,??????,1967/10/27,????,????,??,????????? ?????? ?????? 365-1,????????? ?????? ????1?? 32-13,"7010000",?????????????,"7031000",?????????????????????,2013/11/29,2022/07/01,37.547316369999997,126.916562799999994,2022/09/21,126.9164756537,37.5474201572
??????,??????,37.549901442065000,126.914447288630996,02???,B000001948,??????????????,???????,1969/03/01,????,????,??,????????? ?????? ?????? 427-2,????????? ?????? ?????3?? 94,"7010000",?????????????,"7031000",?????????????????????,2013/11/29,2022/07/01,37.553427890000002,126.910950400000004,2022/09/21,126.9115986241,37.5527757590
????????,??????,37.556863528146103,126.923764988566006,02???,B000001938,??????????????,???????,1962/07/12,????,????,??,????????? ?????? ?????? 341,????????? ?????? ???????23?? 20-27,"7010000",?????????????,"7031000",?????????????????????,2013/11/29,2022/07/01,37.554889029999998,126.924378700000005,2022/09/21,126.9243787000,37.5548890300
?????,??????,37.508811929381402,127.063020940328997,02???,B000008372,?????????,??????,1906/05/01,??,????,??,????????? ?????? ????? 952-1,????????? ?????? ?????? 541,"7010000",?????????????,"7091300",?????????????????????????,2013/11/29,2022/07/01,37.505289449999999,127.061984100000004,2022/09/21,127.0620909652,37.5056543969
?????,??????,37.508811929381402,127.063020940328997,02???,B000013486,???????????,????????,1906/05/01,??,????,??,????????? ?????? ????? 952-1,????????? ?????? ?????? 541,"7010000",?????????????,"7091300",?????????????????????????,2013/11/29,2022/07/01,37.505289449999999,127.061993900000004,2022/09/21,127.0620996101,37.5056537522
?????,??????,37.508811929381402,127.063020940328997,02???,B000008361,??????????,??????,1990/05/01,????,????,??,????????? ?????? ????? 952,????????? ?????? ??????87?? 26,"7010000",?????????????,"7091300",?????????????????????????,2013/11/29,2022/07/01,37.506336410000003,127.060984899999994,2022/09/21,127.0610377079,37.5063995934
?????,??????,37.508811929381402,127.063020940328997,02???,B000002292,???????????????,???????,1985/05/08,????,????,??,????????? ?????? ????? 969,????????? ?????? ??????98?? 16,"7010000",?????????????,"7091300",?????????????????????????,2013/11/29,2022/07/01,37.503721589999998,127.063565400000002,2022/09/21,127.0634466353,37.5048826052
???,??????,37.569835086079799,127.047066531690007,02???,B000001841,??????????????,???????,1972/05/09,????,????,??,????????? ??????? ??????? 463-13,????????? ??????? ?????? 177,"7010000",?????????????,"7021000",?????????????????????,2013/11/29,2022/07/01,37.572704610000002,127.042961700000006,2022/09/21,127.0436741924,37.5722055730
???,??????,37.569835086079799,127.047066531690007,02???,B000008085,??????????,??????,1975/06/01,????,????,??,????????? ??????? ??????? 463-1,????????? ??????? ??????47?? 34,"7010000",?????????????,"7021000",?????????????????????,2013/11/29,2022/07/01,37.573920459999997,127.044088900000006,2022/09/21,127.0446920186,37.5730929568
???,??????,37.569835086079799,127.047066531690007,02???,B000002356,?????????????,???????,2005/03/01,????,????,??,????????? ?????? ???? 766-49,????????? ?????? ??????35???? 31,"7010000",?????????????,"7134000",?????????????????????????,2013/11/29,2022/07/01,37.568309489999997,127.042128000000005,2022/09/21,127.0429290267,37.5685587446
???,??????,37.569835086079799,127.047066531690007,02???,B000008089,???????????,??????,1963/03/18,????,????,??,????????? ??????? ?????? 322-17,????????? ??????? ??????? 59,"7010000",?????????????,"7021000",?????????????????????,2013/11/29,2022/07/01,37.574522070000000,127.051994300000004,2022/09/21,127.0505632719,37.5732496431
???,??????,37.569835086079799,127.047066531690007,02???,B000008415,??????????,??????,2005/04/05,????,????,??,????????? ?????? ???? 766-49,????????? ?????? ??????35???? 31,"7010000",?????????????,"7134000",?????????????????????????,2013/11/29,2022/07/01,37.568309489999997,127.042128000000005,2022/09/21,127.0429290267,37.5685587446
??????,??????,37.504493775095803,127.048948120104995,02???,B000008376,??????????????,??????,1976/05/20,??,????,??,????????? ?????? ???? 713,????????? ?????? ??????85?? 27,"7010000",?????????????,"7091300",?????????????????????????,2013/11/29,2022/07/01,37.502323029999999,127.048286599999997,2022/09/21,127.0482866000,37.5023230300
??????,??????,37.504493775095803,127.048948120104995,02???,B000012070,???????????????,????????,1976/12/28,??,????,??,????????? ?????? ???? 713,????????? ?????? ??????85?? 27,"7010000",?????????????,"7091300",?????????????????????????,2013/11/29,2022/07/01,37.502302890000003,127.048286599999997,2022/09/21,127.0482866000,37.5023028900
??????,??????,37.504493775095803,127.048948120104995,02???,B000002297,?????????????,???????,1981/09/30,????,????,??,????????? ?????? ???? 714,????????? ?????? ?????? 313,"7010000",?????????????,"7091300",?????????????????????????,2013/11/29,2022/07/01,37.501462009999997,127.048872200000005,2022/09/21,127.0488741832,37.5015660902
??????????,??????,37.520215898263501,126.852876007423006,02???,B000002213,?????????????,???????,1972/08/11,????,????,??,????????? ????? ?????? 941,????????? ????? ??????23?? 24,"7010000",?????????????,"7081300",?????????????????????????,2013/11/29,2022/07/01,37.525848259999997,126.851240200000007,2022/09/21,126.8516767394,37.5243593279
??????????,??????,37.520215898263501,126.852876007423006,02???,B000002194,???????????????,???????,1983/05/11,????,????,??,????????? ????? ?????? 310-6,????????? ????? ???? 204,"7010000",?????????????,"7081300",?????????????????????????,2013/11/29,2022/07/01,37.516374949999999,126.856634900000003,2022/09/21,126.8558364705,37.5171912709
??????????,??????,37.520215898263501,126.852876007423006,02???,B000008305,?????????,??????,1984/05/06,????,????,??,????????? ????? ????? 610-3,????????? ????? ????29?? 109,"7010000",?????????????,"7081300",?????????????????????????,2013/11/29,2022/07/01,37.520773890000001,126.847892599999994,2022/09/21,126.8486092118,37.5206933964
??????????,??????,37.520215898263501,126.852876007423006,02???,B000008310,????????,??????,1987/05/07,????,????,??,????????? ????? ????? 499-2,????????? ????? ???? 319,"7010000",?????????????,"7081300",?????????????????????????,2013/11/29,2022/07/01,37.524910159999997,126.849688000000000,2022/09/21,126.8504602159,37.5237783909
??????????,??????,37.520215898263501,126.852876007423006,02???,B000008303,?????????,??????,1983/05/06,????,????,??,????????? ????? ?????? 310-6,????????? ????? ???? 206,"7010000",?????????????,"7081300",?????????????????????????,2013/11/29,2022/07/01,37.515966440000000,126.855016399999997,2022/09/21,126.8546042087,37.5167809245
??????????,??????,37.520215898263501,126.852876007423006,02???,B000002206,?????????????,???????,1987/04/23,????,????,??,????????? ????? ????? 496,????????? ????? ?????? 101,"7010000",?????????????,"7081300",?????????????????????????,2013/11/29,2022/07/01,37.524234489999998,126.847851500000004,2022/09/21,126.8491521736,37.5231934490
??????????,??????,37.520215898263501,126.852876007423006,02???,B000002196,?????????????,???????,1991/10/30,????,????,??,????????? ????? ?????? 653-5,????????? ????? ????23?? 3,"7010000",?????????????,"7081300",?????????????????????????,2013/11/29,2022/07/01,37.515684000000000,126.854083700000004,2022/09/21,126.8538473785,37.5165725341
??????,??????,37.498085441150302,127.027977657727007,02???,B000008347,??????????,??????,1982/05/01,????,????,??,????????? ????? ????? 1325-1,????????? ????? ?????? 115,"7010000",?????????????,"7091300",?????????????????????????,2013/11/29,2022/07/01,37.493948510000003,127.024538199999995,2022/09/21,127.0252919017,37.4948520138
??????,??????,37.498085441150302,127.027977657727007,02???,B000002267,??????????????,???????,1981/05/06,????,????,??,????????? ????? ????? 1310-6,????????? ????? ?????? 178,"7010000",?????????????,"7091300",?????????????????????????,2013/11/29,2022/07/01,37.499048770000002,127.024891499999995,2022/09/21,127.0248915000,37.4990487700
??????,??????,37.498085441150302,127.027977657727007,02???,B000008346,??????????,??????,1987/04/30,????,????,??,????????? ????? ????? 1313,????????? ????? ??????21?? 2,"7010000",?????????????,"7091300",?????????????????????????,2013/11/29,2022/07/01,37.498529859999998,127.023220699999996,2022/09/21,127.0238141673,37.4984743810
??????,??????,37.498085441150302,127.027977657727007,02???,B000002298,?????????????,???????,1979/09/27,????,????,??,????????? ?????? ???? 833-7,????????? ?????? ????????66?? 21,"7010000",?????????????,"7091300",?????????????????????????,2013/11/29,2022/07/01,37.493165279999999,127.032652700000000,2022/09/21,127.0313118269,37.4945317295
?????,??????,37.492735960127902,127.013863444680993,02???,B000002253,???????????????????????,???????,1953/05/22,????,????,??,????????? ????? ????? 1650,????????? ????? ???????? 96,"7010000",?????????????,"7091300",?????????????????????????,2013/11/29,2022/07/01,37.490740490000000,127.015424499999995,2022/09/21,127.0154245000,37.4907404900
?????,??????,37.481456126439198,126.997535255648998,02???,B000002262,???????????????,???????,1984/10/25,????,????,??,????????? ????? ???? 167-4,????????? ????? ??????18?? 52,"7010000",?????????????,"7091300",?????????????????????????,2013/11/29,2022/07/01,37.485205600000000,126.998849000000007,2022/09/21,126.9986764607,37.4847101004
?????,??????,37.481456126439198,126.997535255648998,02???,B000008341,?????????,??????,1982/09/21,????,????,??,????????? ????? ???? 974-22,????????? ????? ????????3?? 32,"7010000",?????????????,"7091300",?????????????????????????,2013/11/29,2022/07/01,37.480630030000000,126.989858999999996,2022/09/21,126.9920259319,37.4809037118
?????,??????,37.481456126439198,126.997535255648998,02???,B000012057,??????????,????????,1972/12/23,??,????,??,????????? ????? ???? 1000-2,????????? ????? ????? 45,"7010000",?????????????,"7091300",?????????????????????????,2013/11/29,2022/07/01,37.479755429999997,127.003916799999999,2022/09/21,127.0023660700,37.4801668893
????,??????,37.476553220839598,126.981549541445006,02???,B000002319,?????????????,???????,1979/09/27,????,????,??,????????? ????? ???? 1011-1,????????? ????? ???????13?? 22,"7010000",?????????????,"7132000",???????????????????????,2013/11/29,2022/07/01,37.481943489999999,126.978234099999995,2022/09/21,126.9791497414,37.4804643012
????,??????,37.476553220839598,126.981549541445006,02???,B000002263,??????????????,???????,1978/04/13,????,????,??,????????? ????? ???? 468-6,????????? ????? ???????4?? 23,"7010000",?????????????,"7091300",?????????????????????????,2013/11/29,2022/07/01,37.478371330000002,126.984417100000002,2022/09/21,126.9843562764,37.4783329723
?????,??????,37.482468909837799,126.941682007425996,02???,B000008400,?????????,??????,1984/04/27,????,????,??,????????? ????? ????? ??168-10,????????? ????? ?????48?? 17-16,"7010000",?????????????,"7132000",???????????????????????,2013/11/29,2022/07/01,37.480201250000000,126.934452199999996,2022/09/21,126.9364548016,37.4809160251
?????,??????,37.482468909837799,126.941682007425996,02???,B000002342,??????????????,???????,1958/04/01,????,????,??,????????? ????? ????? 622-1,????????? ????? ????? 69,"7010000",?????????????,"7132000",???????????????????????,2013/11/29,2022/07/01,37.486585200000000,126.942679100000007,2022/09/21,126.9425199003,37.4859243711
?????,??????,37.482468909837799,126.941682007425996,02???,B000002343,???????????????,???????,1971/12/04,????,????,??,????????? ????? ????? 920,????????? ????? ???4?? 49,"7010000",?????????????,"7132000",???????????????????????,2013/11/29,2022/07/01,37.481025649999999,126.942554500000000,2022/09/21,126.9425545000,37.4810256500
?????,??????,37.482468909837799,126.941682007425996,02???,B000011351,????????????????,????????,1978/03/15,??,????,??,????????? ????? ????? 1694,????????? ????? ?????15?? 25,"7010000",?????????????,"7132000",???????????????????????,2013/11/29,2022/07/01,37.487815419999997,126.943760800000007,2022/09/21,126.9432260718,37.4864493040
?????,??????,37.482468909837799,126.941682007425996,02???,B000008394,??????????,??????,1989/04/21,????,????,??,????????? ????? ????? 1531-38,????????? ????? ?????? 72,"7010000",?????????????,"7132000",???????????????????????,2013/11/29,2022/07/01,37.481198169999999,126.937702700000003,2022/09/21,126.9380235403,37.4812997407
?????,??????,37.484264429427398,126.929740854865003,02???,B000008400,?????????,??????,1984/04/27,????,????,??,????????? ????? ????? ??168-10,????????? ????? ?????48?? 17-16,"7010000",?????????????,"7132000",???????????????????????,2013/11/29,2022/07/01,37.480201250000000,126.934452199999996,2022/09/21,126.9332725121,37.4812299368
?????,??????,37.484264429427398,126.929740854865003,02???,B000002326,?????????????,???????,1985/10/08,????,????,??,????????? ????? ????? 467,????????? ????? ?????????163?? 14,"7010000",?????????????,"7132000",???????????????????????,2013/11/29,2022/07/01,37.485119439999998,126.922183799999999,2022/09/21,126.9242866669,37.4848611767
?????,??????,37.484264429427398,126.929740854865003,02???,B000002339,???????????????,???????,1974/09/10,????,????,??,????????? ????? ????? 692-8,????????? ????? ???????2?? 23,"7010000",?????????????,"7132000",???????????????????????,2013/11/29,2022/07/01,37.490168120000000,126.930369799999994,2022/09/21,126.9301882940,37.4885671020
?????,??????,37.487641446009000,126.913500702286996,02???,B000002322,????????????,???????,1946/04/06,????,????,??,????????? ????? ?????? 640,????????? ????? ?????2?? 14,"7010000",?????????????,"7132000",???????????????????????,2013/11/29,2022/07/01,37.488984830000000,126.914840699999999,2022/09/21,126.9148407000,37.4889848300
?????,??????,37.487641446009000,126.913500702286996,02???,B000012038,???????????????,????????,1946/06/10,????,????,??,????????? ????? ?????? 470-13,????????? ????? ?????????10?? 73,"7010000",?????????????,"7132000",???????????????????????,2013/11/29,2022/07/01,37.492801460000003,126.914907099999994,2022/09/21,126.9145663251,37.4915734810
?????,??????,37.487641446009000,126.913500702286996,02???,B000002329,???????????????,???????,2005/03/01,????,????,??,????????? ????? ????? 548-2,????????? ????? ?????? 67,"7010000",?????????????,"7132000",???????????????????????,2013/11/29,2022/07/01,37.484177830000000,126.909581000000003,2022/09/21,126.9103585659,37.4848645676
????????????????,??????,37.485253367194098,126.901473089503995,02???,B000002008,?????????????,???????,1982/10/04,????,????,??,????????? ???????? ????? 993-16,????????? ???????? ????????173?? 14,"7010000",?????????????,"7041000",?????????????????????,2013/11/29,2022/07/01,37.487346010000003,126.902539300000001,2022/09/21,126.9025393000,37.4873460100
????????????????,??????,37.485253367194098,126.901473089503995,02???,B000008169,??????????,??????,1980/03/03,????,????,??,????????? ?????? ?????? 145-20,????????? ?????? ??????20?? 35,"7010000",?????????????,"7041000",?????????????????????,2013/11/29,2022/07/01,37.489113930000002,126.895615399999997,2022/09/21,126.8972130620,37.4880200772
????????????????,??????,37.485253367194098,126.901473089503995,02???,B000001967,?????????????,???????,1979/09/28,????,????,??,????????? ?????? ?????? 165-1,????????? ?????? ??????20?? 57,"7010000",?????????????,"7041000",?????????????????????,2013/11/29,2022/07/01,37.488960820000003,126.895583299999998,2022/09/21,126.8971873367,37.4879368991
???????,??????,37.508904874472599,126.891307981962001,02???,B000001954,??????????????,???????,2002/03/01,????,????,??,????????? ?????? ?????? 3-13,????????? ?????? ?????? 73,"7010000",?????????????,"7041000",?????????????????????,2013/11/29,2022/07/01,37.505106650000002,126.888013700000002,2022/09/21,126.8886533863,37.5058458426
???????,??????,37.508904874472599,126.891307981962001,02???,B000008160,???????????,??????,1984/05/06,????,????,??,????????? ?????? ??????? 311-1,????????? ?????? ??????63?? 74,"7010000",?????????????,"7041000",?????????????????????,2013/11/29,2022/07/01,37.510740730000002,126.884807100000003,2022/09/21,126.8864365117,37.5102878328
??????,??????,37.517972094016400,126.894756202452001,02???,B000008187,?????????,??????,1980/12/27,????,????,??,????????? ???????? ??????3?? 48,????????? ???????? ?????? 56,"7010000",?????????????,"7041000",?????????????????????,2013/11/29,2022/07/01,37.519659599999997,126.895994500000000,2022/09/21,126.8959945000,37.5196596000
??????,??????,37.517972094016400,126.894756202452001,02???,B000002002,?????????????,???????,2005/05/08,????,????,??,????????? ???????? ??????6?? 13,????????? ???????? ?????? 56,"7010000",?????????????,"7041000",?????????????????????,2013/11/29,2022/07/01,37.519807409999999,126.887589100000000,2022/09/21,126.8895562198,37.5193044271
??????,??????,37.517972094016400,126.894756202452001,02???,B000002009,?????????????,???????,1985/10/29,????,????,??,????????? ???????? ??????3?? 77-7,????????? ???????? ?????? 104,"7010000",?????????????,"7041000",?????????????????????,2013/11/29,2022/07/01,37.519140380000003,126.893605699999995,2022/09/21,126.8936057000,37.5191403800
??????,??????,37.517972094016400,126.894756202452001,02???,B000002001,???????????????,???????,1945/11/01,????,????,??,????????? ???????? ??????1?? 35-2,????????? ???????? ?????? 756,"7010000",?????????????,"7041000",?????????????????????,2013/11/29,2022/07/01,37.512948020000003,126.898214999999993,2022/09/21,126.8973055260,37.5142620036
?????,??????,37.555195456708901,126.936962654547997,02???,B000008147,????????,??????,2009/04/01,????,????,??,????????? ?????? ??????? 33-1,????????? ?????? ??????1?? 56,"7010000",?????????????,"7031000",?????????????????????,2013/11/29,2022/07/01,37.554989579999997,126.939295099999995,2022/09/21,126.9392951000,37.5549895800
?????,??????,37.555195456708901,126.936962654547997,02???,B000001931,?????????????,???????,1940/04/01,????,????,??,????????? ?????? ??????? 33-1,????????? ?????? ??????1?? 56,"7010000",?????????????,"7031000",?????????????????????,2013/11/29,2022/07/01,37.554917820000000,126.939295099999995,2022/09/21,126.9392951000,37.5549178200
?????,??????,37.555195456708901,126.936962654547997,02???,B000001921,??????????????,???????,1961/11/01,????,????,??,????????? ??????? ???? 53-38,????????? ??????? ??????5???? 30-3,"7010000",?????????????,"7031000",?????????????????????,2013/11/29,2022/07/01,37.558143049999998,126.933480900000006,2022/09/21,126.9339944199,37.5577092338
????,??????,37.556803903823301,126.946422762683994,02???,B000001927,??????????????????????????????,???????,1955/04/08,??,????,??,????????? ??????? ????? 20,????????? ??????? ?????? 512-39,"7010000",?????????????,"7031000",?????????????????????,2013/11/29,2022/07/01,37.561150220000002,126.942750399999994,2022/09/21,126.9436201020,37.5601280351
????,??????,37.556803903823301,126.946422762683994,02???,B000008143,?????????????????????????????????????,??????,1955/04/08,??,????,??,????????? ??????? ????? 47,????????? ??????? ?????? 520,"7010000",?????????????,"7031000",?????????????????????,2013/11/29,2022/07/01,37.562642820000001,126.944488600000000,2022/09/21,126.9449935009,37.5610236881
????,??????,37.556803903823301,126.946422762683994,02???,B000013471,????????????,????????,1946/08/28,??,????,??,????????? ?????? ???? 28-14,????????? ?????? ?????? 99,"7010000",?????????????,"7031000",?????????????????????,2013/11/29,2022/07/01,37.550872750000003,126.945759600000002,2022/09/21,126.9459549380,37.5524889227
????,??????,37.556803903823301,126.946422762683994,02???,B000001945,??????????????,???????,1945/11/01,????,????,??,????????? ?????? ?????? 24-140,????????? ?????? ??????24??? 27,"7010000",?????????????,"7031000",?????????????????????,2013/11/29,2022/07/01,37.553647830000003,126.949778800000004,2022/09/21,126.9492560314,37.5541362913
????,??????,37.556803903823301,126.946422762683994,02???,B000001918,???????????????,???????,1965/03/10,????,????,??,????????? ??????? ?????? 67-1,????????? ??????? ???????2?? 27,"7010000",?????????????,"7031000",?????????????????????,2013/11/29,2022/07/01,37.557950259999998,126.948057199999994,2022/09/21,126.9480572000,37.5579502600
????,??????,37.556803903823301,126.946422762683994,02???,B000008154,??????????,??????,1906/04/01,??,????,??,????????? ?????? ???? 28-16,????????? ?????? ?????? 99,"7010000",?????????????,"7031000",?????????????????????,2013/11/29,2022/07/01,37.550890809999999,126.945768900000004,2022/09/21,126.9459585704,37.5524972345
????,??????,37.556803903823301,126.946422762683994,02???,B000008147,????????,??????,2009/04/01,????,????,??,????????? ?????? ??????? 33-1,????????? ?????? ??????1?? 56,"7010000",?????????????,"7031000",?????????????????????,2013/11/29,2022/07/01,37.554989579999997,126.939295099999995,2022/09/21,126.9412400018,37.5554833356
????,??????,37.556803903823301,126.946422762683994,02???,B000001916,??????????????,???????,1941/11/01,????,????,??,????????? ??????? ??????? 215,????????? ??????? ???????1???? 22,"7010000",?????????????,"7031000",?????????????????????,2013/11/29,2022/07/01,37.559632120000003,126.951834899999994,2022/09/21,126.9505892905,37.5589762325
????,??????,37.556803903823301,126.946422762683994,02???,B000001931,?????????????,???????,1940/04/01,????,????,??,????????? ?????? ??????? 33-1,????????? ?????? ??????1?? 56,"7010000",?????????????,"7031000",?????????????????????,2013/11/29,2022/07/01,37.554917820000000,126.939295099999995,2022/09/21,126.9412454435,37.5554358634
??????,??????,37.557402568943203,126.956132861046996,02???,B000001944,???????????????,???????,1945/11/01,????,????,??,????????? ?????? ?????? 386-1,????????? ?????? ????????24?? 42,"7010000",?????????????,"7031000",?????????????????????,2013/11/29,2022/07/01,37.552781860000003,126.960655599999996,2022/09/21,126.9594385089,37.5540198956
??????,??????,37.557402568943203,126.956132861046996,02???,B000011994,?????????????,????????,1940/10/10,??,????,??,????????? ??????? ??????? 190-1,????????? ??????? ???????11???? 7,"7010000",?????????????,"7031000",?????????????????????,2013/11/29,2022/07/01,37.563176720000001,126.954059299999997,2022/09/21,126.9546141461,37.5615864043
??????,??????,37.557402568943203,126.956132861046996,02???,B000011993,???????????,????????,1928/09/25,??,????,??,????????? ??????? ??????? 170-1,????????? ??????? ???????1?? 24,"7010000",?????????????,"7031000",?????????????????????,2013/11/29,2022/07/01,37.559096439999998,126.954461499999994,2022/09/21,126.9544615000,37.5590964400
??????,??????,37.557402568943203,126.956132861046996,02???,B000008139,?????????,??????,1928/09/25,??,????,??,????????? ??????? ??????? 170-1,????????? ??????? ???????1?? 24,"7010000",?????????????,"7031000",?????????????????????,2013/11/29,2022/07/01,37.559096439999998,126.954456500000006,2022/09/21,126.9544565000,37.5590964400
??????,??????,37.557402568943203,126.956132861046996,02???,B000001916,??????????????,???????,1941/11/01,????,????,??,????????? ??????? ??????? 215,????????? ??????? ???????1???? 22,"7010000",?????????????,"7031000",?????????????????????,2013/11/29,2022/07/01,37.559632120000003,126.951834899999994,2022/09/21,126.9524827176,37.5592983655
??????,??????,37.557402568943203,126.956132861046996,02???,B000001928,??????????,???????,1964/07/20,??,????,??,????????? ??????? ??????? 190-1,????????? ??????? ???????11???? 7,"7010000",?????????????,"7031000",?????????????????????,2013/11/29,2022/07/01,37.563176720000001,126.954059299999997,2022/09/21,126.9546141461,37.5615864043
??????,??????,37.557402568943203,126.956132861046996,02???,B000008150,??????????,??????,1980/02/02,????,????,??,????????? ?????? ?????? 267-1,????????? ?????? ???????? 247,"7010000",?????????????,"7031000",?????????????????????,2013/11/29,2022/07/01,37.556400709999998,126.956500021500005,2022/09/21,126.9565000215,37.5564007100
??????,??????,37.557402568943203,126.956132861046996,02???,B000008141,????????????,??????,1940/10/10,??,????,??,????????? ??????? ??????? 190-1,????????? ??????? ???????11???? 7,"7010000",?????????????,"7031000",?????????????????????,2013/11/29,2022/07/01,37.563176720000001,126.954059299999997,2022/09/21,126.9546141461,37.5615864043
??????,??????,37.557402568943203,126.956132861046996,02???,B000001943,???????????????,???????,1925/04/02,????,????,??,????????? ?????? ?????? 267-2,????????? ?????? ???????? 6,"7010000",?????????????,"7031000",?????????????????????,2013/11/29,2022/07/01,37.555831900000001,126.956242200000005,2022/09/21,126.9562422000,37.5558319000
?????g,??????,37.532227044916702,126.846426169395997,02???,B000008332,?????????,??????,1996/05/06,????,????,??,????????? ?????? ??? 351-94,????????? ?????? ??????17???? 86,"7010000",?????????????,"7081300",?????????????????????????,2013/11/29,2022/07/01,37.536214090000001,126.842416400000005,2022/09/21,126.8433265534,37.5353032741
?????g,??????,37.532227044916702,126.846426169395997,02???,B000002218,???????????????,???????,1949/10/01,????,????,??,????????? ?????? ??? 869-42,????????? ?????? ???????31???? 27,"7010000",?????????????,"7081300",?????????????????????????,2013/11/29,2022/07/01,37.532071709999997,126.852357900000001,2022/09/21,126.8511566778,37.5321043636
?????,??????,37.565337284119302,126.977181235022996,02???,B000013449,??????????????,????????,1886/05/31,??,????,??,????????? ??? ???? 32-1,??????????????????26,"7010000",?????????????,"7061000",?????????????????????,2013/11/29,2022/07/01,37.566176640000002,126.971324400000000,2022/09/21,126.9725169031,37.5660056060
?????,??????,37.565337284119302,126.977181235022996,02???,B000002097,???????????????,???????,1912/04/01,????,????,??,????????? ??? ???? 1-76,????????? ??? ??????? 140,"7010000",?????????????,"7061000",?????????????????????,2013/11/29,2022/07/01,37.569088880000002,126.974657899999997,2022/09/21,126.9750765346,37.5684658778
?????,??????,37.565337284119302,126.977181235022996,02???,B000011792,???????????????????,????????,1991/09/11,??,????,??,????????? ??? ????? 1-1,????????? ??? ?????4?? 30,"7010000",?????????????,"7061000",?????????????????????,2013/11/29,2022/07/01,37.565577320000003,126.969641699999997,2022/09/21,126.9717134251,37.5654976433
??????3????,??????,37.566276179676898,126.990967458778997,02???,B000008241,??????????,??????,1910/04/13,????,????,??,????????? ??? ??????2?? 3,????????? ??? ????????9?? 10,"7010000",?????????????,"7061000",?????????????????????,2013/11/29,2022/07/01,37.565579569999997,126.996997300000004,2022/09/21,126.9957224857,37.5657264643
??????4????,??????,37.566636899661098,126.997623004003003,02???,B000008241,??????????,??????,1910/04/13,????,????,??,????????? ??? ??????2?? 3,????????? ??? ????????9?? 10,"7010000",?????????????,"7061000",?????????????????????,2013/11/29,2022/07/01,37.565579569999997,126.996997300000004,2022/09/21,126.9969973000,37.5655795700
??????4????,??????,37.566636899661098,126.997623004003003,02???,B000002104,??????????????,???????,1957/04/28,????,????,??,????????? ??? ?????2?? 173-7,????????? ??? ??????50?? 13,"7010000",?????????????,"7061000",?????????????????????,2013/11/29,2022/07/01,37.561949480000003,127.001235100000002,2022/09/21,127.0003197249,37.5631170049
????????????????,??????,37.565645485914096,127.008987189552997,02???,B000002099,?????????????,???????,1900/11/01,????,????,??,????????? ??? ??? 254-16,????????? ??? ????? 269,"7010000",?????????????,"7061000",?????????????????????,2013/11/29,2022/07/01,37.567299280000000,127.015687900000003,2022/09/21,127.0139802594,37.5668748628
????????????????,??????,37.565645485914096,127.008987189552997,02???,B000011292,???????????????????,????????,1961/03/03,????,????,??,????????? ??? ??? 250-3,????????? ??? ?????? 375,"7010000",?????????????,"7061000",?????????????????????,2013/11/29,2022/07/01,37.565854719999997,127.013524599999997,2022/09/21,127.0130556088,37.5658322657
????????????????,??????,37.565645485914096,127.008987189552997,02???,B000011294,???????????????,????????,1945/09/01,??,????,??,????????? ??? ??? 224-2,????????? ??? ?????? 299,"7010000",?????????????,"7061000",?????????????????????,2013/11/29,2022/07/01,37.565871600000001,127.011443299999996,2022/09/21,127.0114433000,37.5658716000
????????????????,??????,37.565645485914096,127.008987189552997,02???,B000008244,?????????,??????,1948/09/01,??,????,??,????????? ??? ??? 224-2,????????? ??? ?????? 299,"7010000",?????????????,"7061000",?????????????????????,2013/11/29,2022/07/01,37.565871600000001,127.011443299999996,2022/09/21,127.0114433000,37.5658716000
????????????????,??????,37.565645485914096,127.008987189552997,02???,B000002100,???????????????,???????,1953/10/21,????,????,??,????????? ??? ??? 386-86,????????? ??? ?????17?? 40,"7010000",?????????????,"7061000",?????????????????????,2013/11/29,2022/07/01,37.559910950000003,127.011704800000004,2022/09/21,127.0108846305,37.5614969517
???,??????,37.565662242714403,127.019468475357996,02???,B000002101,??????????????,???????,2007/03/01,????,????,??,????????? ??? ??? 161-2,????????? ??? ?????? 141,"7010000",?????????????,"7061000",?????????????????????,2013/11/29,2022/07/01,37.563626210000002,127.023673099999996,2022/09/21,127.0231058245,37.5638997248
???,??????,37.565662242714403,127.019468475357996,02???,B000002099,?????????????,???????,1900/11/01,????,????,??,????????? ??? ??? 254-16,????????? ??? ????? 269,"7010000",?????????????,"7061000",?????????????????????,2013/11/29,2022/07/01,37.567299280000000,127.015687900000003,2022/09/21,127.0159976545,37.5671647361
???,??????,37.565662242714403,127.019468475357996,02???,B000013448,????????????,????????,1949/08/24,????,????,??,????????? ??? ??? 161,????????? ??? ??????90?? 17,"7010000",?????????????,"7061000",?????????????????????,2013/11/29,2022/07/01,37.564116429999999,127.022389200000006,2022/09/21,127.0223672833,37.5641276341
???,??????,37.565662242714403,127.019468475357996,02???,B000011292,???????????????????,????????,1961/03/03,????,????,??,????????? ??? ??? 250-3,????????? ??? ?????? 375,"7010000",?????????????,"7061000",?????????????????????,2013/11/29,2022/07/01,37.565854719999997,127.013524599999997,2022/09/21,127.0147321311,37.5658144399
???,??????,37.565662242714403,127.019468475357996,02???,B000011293,????????????????,????????,1944/04/01,????,????,??,????????? ??? ?????? 1-1,????????? ??? ????? 290,"7010000",?????????????,"7061000",?????????????????????,2013/11/29,2022/07/01,37.569363150000001,127.017291700000001,2022/09/21,127.0176212734,37.5688044939
???,??????,37.565662242714403,127.019468475357996,02???,B000002102,???????????????,???????,1946/11/14,????,????,??,????????? ??? ??? 292-66,????????? ??? ?????6?? 11,"7010000",?????????????,"7061000",?????????????????????,2013/11/29,2022/07/01,37.560870010000002,127.014555500000000,2022/09/21,127.0160130929,37.5621733436
???,??????,37.565662242714403,127.019468475357996,02???,B000022796,????????????,????????,2017/05/24,????,????,??,????????? ?????? ??????? 1070-4,????????? ?????? ?????? 156,"7010000",?????????????,"7134000",?????????????????????????,2013/11/29,2022/07/01,37.566843949999999,127.026995700000001,2022/09/21,127.0248779922,37.5665617174
??????,??????,37.555708786425697,127.043617163820002,02???,B000011301,????????????,????????,1910/04/13,????,????,??,????????? ?????? ???? 70-28,????????? ?????? ?????? 199,"7010000",?????????????,"7134000",?????????????????????????,2013/11/29,2022/07/01,37.555264219999998,127.041141800000005,2022/09/21,127.0411418000,37.5552642200
??????,??????,37.555708786425697,127.043617163820002,02???,B000008419,??????????,??????,1968/10/02,????,????,??,????????? ?????? ???? 66-3,????????? ?????? ?????? 189,"7010000",?????????????,"7134000",?????????????????????????,2013/11/29,2022/07/01,37.554554039999999,127.041963400000000,2022/09/21,127.0419634000,37.5545540400
??????,??????,37.555708786425697,127.043617163820002,02???,B000002366,??????????,???????,1966/05/15,??,????,??,????????? ?????? ????? 110,????????? ?????? ??????? 208,"7010000",?????????????,"7134000",?????????????????????????,2013/11/29,2022/07/01,37.557621030000000,127.050263400000006,2022/09/21,127.0485521373,37.5571353787
?????,??????,37.547237957949200,127.047369170782986,02???,B000008416,??????????,??????,2004/05/06,????,????,??,????????? ?????? ??????1?? 22-27,????????? ?????? ??????? 27,"7010000",?????????????,"7134000",?????????????????????????,2013/11/29,2022/07/01,37.543829819999999,127.047868300000005,2022/09/21,127.0478277174,37.5441113415
?????,??????,37.547237957949200,127.047369170782986,02???,B000002349,??????????????,???????,1913/10/01,????,????,??,????????? ?????? ??????1?? 19-1,????????? ?????? ??????? 34,"7010000",?????????????,"7134000",?????????????????????????,2013/11/29,2022/07/01,37.543825300000002,127.050073999999995,2022/09/21,127.0496811941,37.5443244854
?????,??????,37.547237957949200,127.047369170782986,02???,B000013451,???????????,????????,2004/05/06,????,????,??,????????? ?????? ??????1?? 22-27,????????? ?????? ??????? 27,"7010000",?????????????,"7134000",?????????????????????????,2013/11/29,2022/07/01,37.543829819999999,127.047868300000005,2022/09/21,127.0478277174,37.5441113415
??????,??????,37.544585215677401,127.056057944076997,02???,B000002349,??????????????,???????,1913/10/01,????,????,??,????????? ?????? ??????1?? 19-1,????????? ?????? ??????? 34,"7010000",?????????????,"7134000",?????????????????????????,2013/11/29,2022/07/01,37.543825300000002,127.050073999999995,2022/09/21,127.0513288223,37.5439847214
??????,??????,37.544585215677401,127.056057944076997,02???,B000002359,??????????????,???????,1972/12/01,????,????,??,????????? ?????? ??????2?? 277-32,????????? ?????? ????????17?? 21,"7010000",?????????????,"7134000",?????????????????????????,2013/11/29,2022/07/01,37.544336090000002,127.063167399999998,2022/09/21,127.0613253243,37.5443938556
??????,??????,37.544585215677401,127.056057944076997,02???,B000008413,??????????,??????,1981/05/04,????,????,??,????????? ?????? ??????2?? 268,????????? ?????? ?????13?? 14,"7010000",?????????????,"7134000",?????????????????????????,2013/11/29,2022/07/01,37.539509039999999,127.059271199999998,2022/09/21,127.0584376775,37.5408271428
??????,??????,37.544585215677401,127.056057944076997,02???,B000002350,???????????????,???????,1982/04/29,????,????,??,????????? ?????? ??????2?? 268,????????? ?????? ?????13?? 22,"7010000",?????????????,"7134000",?????????????????????????,2013/11/29,2022/07/01,37.540436669999998,127.058066800000006,2022/09/21,127.0577010554,37.5411891424
??????,??????,37.544585215677401,127.056057944076997,02???,B000011302,????????????????,????????,1998/06/05,????,????,??,????????? ?????? ??????2?? 333-128,????????? ?????? ????? 365,"7010000",?????????????,"7134000",?????????????????????????,2013/11/29,2022/07/01,37.540539998900002,127.051299099999994,2022/09/21,127.0524942834,37.5415656816
????????,??????,37.540397606271704,127.069202907348000,02???,B000011940,???????????????????????????,????????,1980/05/15,??,????,??,????????? ?????? ??? 528,????????? ?????? ????? 120,"7010000",?????????????,"7134000",?????????????????????????,2013/11/29,2022/07/01,37.539182670000002,127.074711899999997,2022/09/21,127.0736666746,37.5394119187
????????,??????,37.540397606271704,127.069202907348000,02???,B000011936,???????????,????????,1984/05/15,????,????,??,????????? ?????? ??? 524-11,????????? ?????? ?????37?? 28,"7010000",?????????????,"7134000",?????????????????????????,2013/11/29,2022/07/01,37.536077970000001,127.073339500000003,2022/09/21,127.0723241706,37.5371475736
????????,??????,37.540397606271704,127.069202907348000,02???,B000002376,??????????????,???????,1979/04/11,????,????,??,????????? ?????? ??? 504,????????? ?????? ????? 42,"7010000",?????????????,"7134000",?????????????????????????,2013/11/29,2022/07/01,37.534623949999997,127.069995300000002,2022/09/21,127.0697873425,37.5361581172
????????,??????,37.540397606271704,127.069202907348000,02???,B000002359,??????????????,???????,1972/12/01,????,????,??,????????? ?????? ??????2?? 277-32,????????? ?????? ????????17?? 21,"7010000",?????????????,"7134000",?????????????????????????,2013/11/29,2022/07/01,37.544336090000002,127.063167399999998,2022/09/21,127.0648127741,37.5431620395
????????,??????,37.540397606271704,127.069202907348000,02???,B000002384,??????????????,???????,1983/10/21,????,????,??,????????? ?????? ??? 12-2,????????? ?????? ????? 9,"7010000",?????????????,"7134000",?????????????????????????,2013/11/29,2022/07/01,37.544228590000003,127.071582699999993,2022/09/21,127.0711835976,37.5435864999
????????,??????,37.540397606271704,127.069202907348000,02???,B000002375,?????????????,???????,1984/12/05,????,????,??,????????? ?????? ??? 518-1,????????? ?????? ????? 561,"7010000",?????????????,"7134000",?????????????????????????,2013/11/29,2022/07/01,37.535058210000003,127.072179199999994,2022/09/21,127.0713838006,37.5364855222
?????,??????,37.537160863174002,127.086171769556998,02???,B000008426,??????????,??????,1986/04/18,????,????,??,????????? ?????? ??? 674,????????? ?????? ?????3?? 7,"7010000",?????????????,"7134000",?????????????????????????,2013/11/29,2022/07/01,37.530891339999997,127.086169986700000,2022/09/21,127.0861693230,37.5326746024
?????,??????,37.537160863174002,127.086171769556998,02???,B000008430,??????????????????????????????,??????,1930/06/20,??,????,??,????????? ?????? ????? 238-1,????????? ?????? ????????36?? 47,"7010000",?????????????,"7134000",?????????????????????????,2013/11/29,2022/07/01,37.541929359999997,127.086973099999994,2022/09/21,127.0868064552,37.5409339171
?????,??????,37.537160863174002,127.086171769556998,02???,B000002374,??????????????,???????,1945/12/10,????,????,??,????????? ?????? ??? 222-6,????????? ?????? ????????44?? 26,"7010000",?????????????,"7134000",?????????????????????????,2013/11/29,2022/07/01,37.536988239999999,127.079739599999996,2022/09/21,127.0812118640,37.5370248290
?????,??????,37.537160863174002,127.086171769556998,02???,B000002372,?????????????,???????,1998/06/05,????,????,??,????????? ?????? ????? 587-95,????????? ?????? ????????? 69,"7010000",?????????????,"7134000",?????????????????????????,2013/11/29,2022/07/01,37.537096589999997,127.092288800000006,2022/09/21,127.0909885641,37.5371102076
?????,??????,37.537160863174002,127.086171769556998,02???,B000008432,??????????????????????????,??????,1968/05/15,??,????,??,????????? ?????? ??? 528-4,????????? ?????? ????? 145-1,"7010000",?????????????,"7134000",?????????????????????????,2013/11/29,2022/07/01,37.541724070000001,127.081597099999996,2022/09/21,127.0828242411,37.5405058946
?????,??????,37.537160863174002,127.086171769556998,02???,B000008427,??????????,??????,1979/10/10,????,????,??,????????? ?????? ??? 693,????????? ?????? ?????64?? 45,"7010000",?????????????,"7134000",?????????????????????????,2013/11/29,2022/07/01,37.532219589999997,127.090162100000001,2022/09/21,127.0890940719,37.5335522625
?????,??????,37.537160863174002,127.086171769556998,02???,B000002388,???????????,???????,1967/03/20,??,????,??,????????? ?????? ??? 694-1,????????? ?????? ?????4?? 63,"7010000",?????????????,"7134000",?????????????????????????,2013/11/29,2022/07/01,37.533281369999997,127.089281000000000,2022/09/21,127.0886809337,37.5340330345
?????,??????,37.537160863174002,127.086171769556998,02???,B000002378,??????????????,???????,1984/05/18,????,????,??,????????? ?????? ??? 662,????????? ?????? ?????56?? 7,"7010000",?????????????,"7134000",?????????????????????????,2013/11/29,2022/07/01,37.531493570000002,127.083408300000002,2022/09/21,127.0842188586,37.5330552458
?????,??????,37.537160863174002,127.086171769556998,02???,B000011938,???????????????????????????????,????????,1930/06/20,??,????,??,????????? ?????? ????? 238-1,????????? ?????? ????????36?? 47,"7010000",?????????????,"7134000",?????????????????????????,2013/11/29,2022/07/01,37.541929359999997,127.086973200000003,2022/09/21,127.0868065335,37.5409339136
???????,??????,37.520694400369599,127.103799674868000,02???,B000002135,???????????????,???????,1975/10/31,????,????,??,????????? ?????? ????? 20-2,????????? ?????? ???????35?? 20,"7010000",?????????????,"7130000",??????????????????????????,2013/11/29,2022/07/01,37.520107529999997,127.111311400000005,2022/09/21,127.1092464799,37.5202897911
???????,??????,37.520694400369599,127.103799674868000,02???,B000008263,??????????,??????,1980/05/06,????,????,??,????????? ?????? ????? 7-1,????????? ?????? ???????35?? 130,"7010000",?????????????,"7130000",??????????????????????????,2013/11/29,2022/07/01,37.517817569999998,127.098666199999997,2022/09/21,127.0998000205,37.5184537729
???????,??????,37.520694400369599,127.103799674868000,02???,B000002136,???????????????,???????,2008/10/27,????,????,??,????????? ?????? ????? 17-2,????????? ?????? ??????? 37?? 109,"7010000",?????????????,"7130000",??????????????????????????,2013/11/29,2022/07/01,37.522585870000000,127.104778600000003,2022/09/21,127.1047786000,37.5225858700
???????,??????,37.520694400369599,127.103799674868000,02???,B000012074,???????????,????????,1983/04/04,????,????,??,????????? ?????? ????? 17-1,????????? ?????? ???????33?? 71,"7010000",?????????????,"7130000",??????????????????????????,2013/11/29,2022/07/01,37.522930430000002,127.106515000000002,2022/09/21,127.1063968942,37.5228326260
???????,??????,37.520694400369599,127.103799674868000,02???,B000002134,?????????????,???????,1980/09/29,????,????,??,????????? ?????? ????? 7-2,????????? ?????? ???????35?? 122,"7010000",?????????????,"7130000",??????????????????????????,2013/11/29,2022/07/01,37.518338460000002,127.099930999999998,2022/09/21,127.1004360382,37.5186467008
?????,??????,37.513309270204800,127.100215181118998,02???,B000008263,??????????,??????,1980/05/06,????,????,??,????????? ?????? ????? 7-1,????????? ?????? ???????35?? 130,"7010000",?????????????,"7130000",??????????????????????????,2013/11/29,2022/07/01,37.517817569999998,127.098666199999997,2022/09/21,127.0989722363,37.5169210248
?????,??????,37.513309270204800,127.100215181118998,02???,B000002159,??????????????,???????,1959/05/26,????,????,??,????????? ?????? ????? 27-5,????????? ?????? ??????? 215,"7010000",?????????????,"7130000",??????????????????????????,2013/11/29,2022/07/01,37.514011099999998,127.095047600000001,2022/09/21,127.0958698358,37.5138996553
?????,??????,37.513309270204800,127.100215181118998,02???,B000002133,???????????????,???????,1978/10/31,????,????,??,????????? ?????? ????? 44-2,????????? ?????? ????????? 159,"7010000",?????????????,"7130000",??????????????????????????,2013/11/29,2022/07/01,37.508813259999997,127.095126500000006,2022/09/21,127.0965670006,37.5100375688
?????,??????,37.513309270204800,127.100215181118998,02???,B000002134,?????????????,???????,1980/09/29,????,????,??,????????? ?????? ????? 7-2,????????? ?????? ???????35?? 122,"7010000",?????????????,"7130000",??????????????????????????,2013/11/29,2022/07/01,37.518338460000002,127.099930999999998,2022/09/21,127.0999908649,37.5172155214
????,??????,37.562120975745799,127.050887278781005,02???,B000002366,??????????,???????,1966/05/15,??,????,??,????????? ?????? ????? 110,????????? ?????? ??????? 208,"7010000",?????????????,"7134000",?????????????????????????,2013/11/29,2022/07/01,37.557621030000000,127.050263400000006,2022/09/21,127.0503811961,37.5584674782
????,??????,37.562120975745799,127.050887278781005,02???,B000002357,???????????????,???????,1967/11/13,????,????,??,????????? ?????? ????? 291-5,????????? ?????? ?????11?? 16,"7010000",?????????????,"7134000",?????????????????????????,2013/11/29,2022/07/01,37.562685000000002,127.047545000000000,2022/09/21,127.0475521466,37.5626840960
????,??????,37.562120975745799,127.050887278781005,02???,B000002362,???????????????,???????,1983/04/20,????,????,??,????????? ?????? ???? 29,????????? ?????? ????25?? 1,"7010000",?????????????,"7134000",?????????????????????????,2013/11/29,2022/07/01,37.560730110000002,127.053760800000006,2022/09/21,127.0537607993,37.5607301103
???,??????,37.550133857733996,127.127537293280994,08???,B000008283,?????????,??????,1994/05/06,????,????,??,????????? ?????? ???? 313-5,????????? ?????? ???? 57,"7010000",?????????????,"7130000",??????????????????????????,2013/11/29,2022/07/01,37.545909870000003,127.127636199999998,2022/09/21,127.1276192293,37.5465983378
???,??????,37.550133857733996,127.127537293280994,08???,B000002184,??????????????,???????,2001/10/04,????,????,??,????????? ?????? ??? 186-1,????????? ?????? ??????? 837,"7010000",?????????????,"7130000",??????????????????????????,2013/11/29,2022/07/01,37.555846910000000,127.128196000000003,2022/09/21,127.1280303917,37.5543476703
???,??????,37.550133857733996,127.127537293280994,08???,B000002185,??????????????,???????,1980/11/03,????,????,??,????????? ?????? ??? 517,????????? ?????? ???????93?? 33-16,"7010000",?????????????,"7130000",??????????????????????????,2013/11/29,2022/07/01,37.550023670000002,127.124404400000003,2022/09/21,127.1244044000,37.5500236700
???,??????,37.550133857733996,127.127537293280994,08???,B000002183,?????????????,???????,1977/05/04,????,????,??,????????? ?????? ???? 306,????????? ?????? ?????14?? 77,"7010000",?????????????,"7130000",??????????????????????????,2013/11/29,2022/07/01,37.546363800000002,127.130187199999995,2022/09/21,127.1297332263,37.5470104523
?????????,??????,37.530193178361998,127.120443701344001,08???,B000008279,??????????????,??????,1967/10/28,??,????,??,????????? ?????? ????? 501,????????? ?????? ??????? 565,"7010000",?????????????,"7130000",??????????????????????????,2013/11/29,2022/07/01,37.532735619999997,127.119739499999994,2022/09/21,127.1197395000,37.5327356200
?????????,??????,37.530193178361998,127.120443701344001,08???,B000002154,??????????????,???????,1980/08/01,????,????,??,????????? ?????? ????? 165,????????? ?????? ????? 43,"7010000",?????????????,"7130000",??????????????????????????,2013/11/29,2022/07/01,37.534404830000000,127.117203700000005,2022/09/21,127.1179105670,37.5334913691
?????????,??????,37.530193178361998,127.120443701344001,08???,B000012086,???????????????,????????,1967/10/28,??,????,??,????????? ?????? ????? 501,????????? ?????? ??????? 565,"7010000",?????????????,"7130000",??????????????????????????,2013/11/29,2022/07/01,37.532735619999997,127.119739499999994,2022/09/21,127.1197395000,37.5327356200
?????????,??????,37.530193178361998,127.120443701344001,08???,B000008272,?????????,??????,1983/04/11,????,????,??,????????? ?????? ????? 390,????????? ?????? ???????43?? 20,"7010000",?????????????,"7130000",??????????????????????????,2013/11/29,2022/07/01,37.525365440000002,127.115628299999997,2022/09/21,127.1170360466,37.5266873944
?????????,??????,37.530193178361998,127.120443701344001,08???,B000002179,??????????????,???????,1969/03/27,????,????,??,????????? ?????? ?????? 300-3,????????? ?????? ??????3?? 19,"7010000",?????????????,"7130000",??????????????????????????,2013/11/29,2022/07/01,37.531357860000000,127.122500099999996,2022/09/21,127.1225001000,37.5313578600
?????????,??????,37.530193178361998,127.120443701344001,08???,B000002155,??????????????,???????,1984/04/21,????,????,??,????????? ?????? ????? 251,????????? ?????? ?????20?? 44,"7010000",?????????????,"7130000",??????????????????????????,2013/11/29,2022/07/01,37.531882860000003,127.115633099999997,2022/09/21,127.1164019587,37.5316113647
?????????,??????,37.517802895918202,127.112844983955995,08???,B000002135,???????????????,???????,1975/10/31,????,????,??,????????? ?????? ????? 20-2,????????? ?????? ???????35?? 20,"7010000",?????????????,"7130000",??????????????????????????,2013/11/29,2022/07/01,37.520107529999997,127.111311400000005,2022/09/21,127.1113114000,37.5201075300
?????????,??????,37.517802895918202,127.112844983955995,08???,B000008267,??????????,??????,1985/04/12,????,????,??,????????? ?????? ????? 53,????????? ?????? ?????11?? 64,"7010000",?????????????,"7130000",??????????????????????????,2013/11/29,2022/07/01,37.515010580000002,127.113244499999993,2022/09/21,127.1132404716,37.5150352893
?????,??????,37.513309270204800,127.100215181118998,08???,B000008263,??????????,??????,1980/05/06,????,????,??,????????? ?????? ????? 7-1,????????? ?????? ???????35?? 130,"7010000",?????????????,"7130000",??????????????????????????,2013/11/29,2022/07/01,37.517817569999998,127.098666199999997,2022/09/21,127.0989722363,37.5169210248
?????,??????,37.513309270204800,127.100215181118998,08???,B000002159,??????????????,???????,1959/05/26,????,????,??,????????? ?????? ????? 27-5,????????? ?????? ??????? 215,"7010000",?????????????,"7130000",??????????????????????????,2013/11/29,2022/07/01,37.514011099999998,127.095047600000001,2022/09/21,127.0958698358,37.5138996553
?????,??????,37.513309270204800,127.100215181118998,08???,B000002133,???????????????,???????,1978/10/31,????,????,??,????????? ?????? ????? 44-2,????????? ?????? ????????? 159,"7010000",?????????????,"7130000",??????????????????????????,2013/11/29,2022/07/01,37.508813259999997,127.095126500000006,2022/09/21,127.0965670006,37.5100375688
?????,??????,37.513309270204800,127.100215181118998,08???,B000002134,?????????????,???????,1980/09/29,????,????,??,????????? ?????? ????? 7-2,????????? ?????? ???????35?? 122,"7010000",?????????????,"7130000",??????????????????????????,2013/11/29,2022/07/01,37.518338460000002,127.099930999999998,2022/09/21,127.0999908649,37.5172155214
?????,??????,37.505410529970597,127.106990485843994,08???,B000002148,??????????????,???????,1990/05/10,????,????,??,????????? ?????? ????? 267,????????? ?????? ??????11?? 26,"7010000",?????????????,"7130000",??????????????????????????,2013/11/29,2022/07/01,37.502630629999999,127.105212199999997,2022/09/21,127.1052917864,37.5027550975
?????,??????,37.505410529970597,127.106990485843994,08???,B000002149,???????????????,???????,1985/10/21,????,????,??,????????? ?????? ????? 114,????????? ?????? ?????????? 400,"7010000",?????????????,"7130000",??????????????????????????,2013/11/29,2022/07/01,37.507137370000002,127.111119000000002,2022/09/21,127.1106473184,37.5069401233
?????,??????,37.505410529970597,127.106990485843994,08???,B000002124,?????????????,???????,1981/09/09,????,????,??,????????? ?????? ?????? 477,????????? ?????? ???????37?? 45,"7010000",?????????????,"7130000",??????????????????????????,2013/11/29,2022/07/01,37.500021150000002,127.107642499999997,2022/09/21,127.1074914437,37.5013457540
??????,??????,37.499711358080802,127.112184453853004,08???,B000008268,??????????,??????,1986/05/06,????,????,??,????????? ?????? ????? 168,????????? ?????? ????? 45,"7010000",?????????????,"7130000",??????????????????????????,2013/11/29,2022/07/01,37.502485530000001,127.118752700000002,2022/09/21,127.1169720443,37.5017349562
??????,??????,37.499711358080802,127.112184453853004,08???,B000012078,????????????,????????,1989/04/28,????,????,??,????????? ?????? ????? 172,????????? ?????? ????? 42,"7010000",?????????????,"7130000",??????????????????????????,2013/11/29,2022/07/01,37.501075790000002,127.116425800000002,2022/09/21,127.1159751464,37.5009300131
??????,??????,37.499711358080802,127.112184453853004,08???,B000011358,?????????????????,????????,1958/04/06,??,????,??,????????? ?????? ????? 5-14,????????? ?????? ???????38?? 8,"7010000",?????????????,"7130000",??????????????????????????,2013/11/29,2022/07/01,37.501794130000000,127.114241300000003,2022/09/21,127.1142413000,37.5017941300
??????,??????,37.499711358080802,127.112184453853004,08???,B000012084,??????????????,????????,1983/05/13,??,????,??,????????? ?????? ????? 99-2,????????? ?????? ???????38?? 8,"7010000",?????????????,"7130000",??????????????????????????,2013/11/29,2022/07/01,37.501794130000000,127.114241300000003,2022/09/21,127.1142413000,37.5017941300
??????,??????,37.499711358080802,127.112184453853004,08???,B000008280,????????????,??????,1974/03/01,??,????,??,????????? ?????? ????? 99-2,????????? ?????? ???????38?? 8,"7010000",?????????????,"7130000",??????????????????????????,2013/11/29,2022/07/01,37.501777140000002,127.114241300000003,2022/09/21,127.1142413000,37.5017771400
??????,??????,37.499711358080802,127.112184453853004,08???,B000002137,??????????????,???????,1988/10/20,????,????,??,????????? ?????? ?????? 43-1,????????? ?????? ????? 75,"7010000",?????????????,"7130000",??????????????????????????,2013/11/29,2022/07/01,37.500362799999998,127.119877799999998,2022/09/21,127.1177184512,37.5001004811
??????,??????,37.499711358080802,127.112184453853004,08???,B000002126,??????????????,???????,1924/11/13,????,????,??,????????? ?????? ????? 191,????????? ?????? ???????36?? 8,"7010000",?????????????,"7130000",??????????????????????????,2013/11/29,2022/07/01,37.499811899999997,127.113605500000006,2022/09/21,127.1136055000,37.4998119000
??????,??????,37.499711358080802,127.112184453853004,08???,B000002124,?????????????,???????,1981/09/09,????,????,??,????????? ?????? ?????? 477,????????? ?????? ???????37?? 45,"7010000",?????????????,"7130000",??????????????????????????,2013/11/29,2022/07/01,37.500021150000002,127.107642499999997,2022/09/21,127.1081197752,37.4999881307
????????,??????,37.493092048704000,127.118258210622002,08???,B000002125,??????????????,???????,1992/10/21,????,????,??,????????? ?????? ?????? 106,????????? ?????? ???????26?? 22,"7010000",?????????????,"7130000",??????????????????????????,2013/11/29,2022/07/01,37.491567119999999,127.122823699999998,2022/09/21,127.1221970776,37.4917777736
????????,??????,37.493092048704000,127.118258210622002,08???,B000008259,??????????,??????,1988/12/24,????,????,??,????????? ?????? ?????? 106-3,????????? ?????? ?????10?? 40-18,"7010000",?????????????,"7130000",??????????????????????????,2013/11/29,2022/07/01,37.490999490000000,127.123171099999993,2022/09/21,127.1222806664,37.4913787729
??????,??????,37.486023855265600,127.122475829668986,08???,B000002125,??????????????,???????,1992/10/21,????,????,??,????????? ?????? ?????? 106,????????? ?????? ???????26?? 22,"7010000",?????????????,"7130000",??????????????????????????,2013/11/29,2022/07/01,37.491567119999999,127.122823699999998,2022/09/21,127.1227482909,37.4901637792
??????,??????,37.486023855265600,127.122475829668986,08???,B000002128,?????????????,???????,1985/04/17,????,????,??,????????? ?????? ?????? 12,????????? ?????? ??????5?? 20,"7010000",?????????????,"7130000",??????????????????????????,2013/11/29,2022/07/01,37.489072839999999,127.129013499999999,2022/09/21,127.1271895649,37.4882540005
??????,??????,37.486023855265600,127.122475829668986,08???,B000002127,?????????????,???????,1993/10/26,????,????,??,????????? ?????? ?????? 90-3,????????? ?????? ?????34?? 60,"7010000",?????????????,"7130000",??????????????????????????,2013/11/29,2022/07/01,37.485180090000000,127.127729000000002,2022/09/21,127.1268503097,37.4853206147
??????,??????,37.486023855265600,127.122475829668986,08???,B000008259,??????????,??????,1988/12/24,????,????,??,????????? ?????? ?????? 106-3,????????? ?????? ?????10?? 40-18,"7010000",?????????????,"7130000",??????????????????????????,2013/11/29,2022/07/01,37.490999490000000,127.123171099999993,2022/09/21,127.1230208843,37.4898963340
??????,??????,37.486023855265600,127.122475829668986,08???,B000012077,????????????,????????,2008/04/22,????,????,??,????????? ?????? ?????? 90,????????? ?????? ?????34?? 62,"7010000",?????????????,"7130000",??????????????????????????,2013/11/29,2022/07/01,37.485178500000004,127.126692100000000,2022/09/21,127.1263288685,37.4852517338
??????,??????,37.478631698138997,127.126172045084004,08???,B000008275,??????????,??????,2009/04/16,????,????,??,????????? ?????? ?????? 838-3,????????? ?????? ?????? 99,"7010000",?????????????,"7130000",??????????????????????????,2013/11/29,2022/07/01,37.480584170000000,127.127946399999999,2022/09/21,127.1279464000,37.4805841700
??????,??????,37.478631698138997,127.126172045084004,08???,B000012081,????????????,????????,2010/03/01,????,????,??,????????? ?????? ?????? 838,????????? ?????? ?????? 115,"7010000",?????????????,"7130000",??????????????????????????,2013/11/29,2022/07/01,37.481313550000003,127.128762300000005,2022/09/21,127.1285645296,37.4811081742
??????,??????,37.478631698138997,127.126172045084004,08???,B000002130,?????????????,???????,2007/12/06,????,????,??,????????? ?????? ?????? 836,????????? ?????? ?????? 137,"7010000",?????????????,"7130000",??????????????????????????,2013/11/29,2022/07/01,37.482790919999999,127.130222300000000,2022/09/21,127.1292649052,37.4818019600
?????,??????,37.456799308990199,127.150073936897002,08???,B000003713,?????????????,???????,1982/03/09,????,????,??,???? ?????? ?????? ????? 2137,???? ?????? ?????? ??????534???? 3,"7530000",?????????,"7551000",?????????????????,2013/11/29,2022/07/01,37.451499839999997,127.151473499999994,2022/09/21,127.1511215292,37.4528005739
?????,??????,37.456799308990199,127.150073936897002,08???,B000009185,?????????,??????,2017/06/07,????,????,??,???? ?????? ?????? ????? 3,???? ?????? ?????? ?????? 400,"7530000",?????????,"7551000",?????????????????,2013/11/29,2022/07/01,37.460725619999998,127.154089700000000,2022/09/21,127.1531886581,37.4598387570
???????????,??????,37.451668709100097,127.159873536457994,08???,B000003732,???????????,???????,1971/09/01,????,????,??,???? ?????? ????? ???? 421,???? ?????? ????? ?????? 6,"7530000",?????????,"7551000",?????????????????,2013/11/29,2022/07/01,37.453884209999998,127.162775900000000,2022/09/21,127.1626157832,37.4537625359
???????????,??????,37.451668709100097,127.159873536457994,08???,B000009184,????????????,??????,1971/01/30,????,????,??,???? ?????? ?????? ???? 189,???? ?????? ?????? ?????? 496,"7530000",?????????,"7551000",?????????????????,2013/11/29,2022/07/01,37.449115419999998,127.154110900000006,2022/09/21,127.1554734027,37.4497228173
???????????,??????,37.451668709100097,127.159873536457994,08???,B000009187,??????????????,??????,1981/03/24,????,????,??,???? ?????? ?????? ???? 57,???? ?????? ?????? ??????35???? 6-1,"7530000",?????????,"7551000",?????????????????,2013/11/29,2022/07/01,37.457011889999997,127.158069100000006,2022/09/21,127.1585364641,37.4556670485
???????????,??????,37.451668709100097,127.159873536457994,08???,B000003727,?????????????,???????,1977/12/30,????,????,??,???? ?????? ????? ????? 3365,???? ?????? ????? ??????32???? 10,"7530000",?????????,"7551000",?????????????????,2013/11/29,2022/07/01,37.449252399999999,127.162178499999996,2022/09/21,127.1620991450,37.4493366126
???????????,??????,37.451668709100097,127.159873536457994,08???,B000003733,??????????,???????,2000/03/01,????,????,??,???? ?????? ????? ???? 1932-7,???? ?????? ????? ?????? 55,"7530000",?????????,"7551000",?????????????????,2013/11/29,2022/07/01,37.451546940000000,127.164950700000006,2022/09/21,127.1642036088,37.4515661055
???????????,??????,37.451668709100097,127.159873536457994,08???,B000009196,????????????,??????,1981/01/17,????,????,??,???? ?????? ????? ????? 3214,???? ?????? ????? ??????361???? 23,"7530000",?????????,"7551000",?????????????????,2013/11/29,2022/07/01,37.448739109999998,127.164177400000000,2022/09/21,127.1633746345,37.4492869560
???????????,??????,37.451668709100097,127.159873536457994,08???,B000003712,??????????,???????,1974/11/30,????,????,??,???? ?????? ?????? ???? 77,???? ?????? ?????? ????? 30,"7530000",?????????,"7551000",?????????????????,2013/11/29,2022/07/01,37.453611000000002,127.157746900000006,2022/09/21,127.1577469000,37.4536110000
??????????,??????,37.445023398951299,127.156763011663003,08???,B000009184,????????????,??????,1971/01/30,????,????,??,???? ?????? ?????? ???? 189,???? ?????? ?????? ?????? 496,"7530000",?????????,"7551000",?????????????????,2013/11/29,2022/07/01,37.449115419999998,127.154110900000006,2022/09/21,127.1546258035,37.4483209492
??????????,??????,37.445023398951299,127.156763011663003,08???,B000003727,?????????????,???????,1977/12/30,????,????,??,???? ?????? ????? ????? 3365,???? ?????? ????? ??????32???? 10,"7530000",?????????,"7551000",?????????????????,2013/11/29,2022/07/01,37.449252399999999,127.162178499999996,2022/09/21,127.1606844842,37.4480781409
??????????,??????,37.445023398951299,127.156763011663003,08???,B000003725,??????????,???????,1982/12/30,????,????,??,???? ?????? ????? ????? 210,???? ?????? ????? ??????300???? 25,"7530000",?????????,"7551000",?????????????????,2013/11/29,2022/07/01,37.442903680000001,127.161375000000007,2022/09/21,127.1606135232,37.4432525907
????,??????,37.440908635514802,127.147533584341005,08???,B000003718,???????????,???????,1936/04/10,????,????,??,???? ?????? ?????? ?????? 7326,???? ?????? ?????? ?????? 233,"7530000",?????????,"7551000",?????????????????,2013/11/29,2022/07/01,37.446084550000002,127.144146000000006,2022/09/21,127.1450510263,37.4447026973
????,??????,37.440908635514802,127.147533584341005,08???,B000003734,???????????????,???????,1969/11/03,????,????,??,???? ?????? ????? ???? 2970,???? ?????? ????? ??????184???? 23,"7530000",?????????,"7551000",?????????????????,2013/11/29,2022/07/01,37.438906760000002,127.149610699999997,2022/09/21,127.1496107000,37.4389067600
????,??????,37.440908635514802,127.147533584341005,08???,B000012453,???????????????,????????,1972/03/24,????,????,??,???? ?????? ????? ?????? 2877,???? ?????? ????? ?????94???? 6,"7530000",?????????,"7551000",?????????????????,2013/11/29,2022/07/01,37.436154879999997,127.144608700000006,2022/09/21,127.1453058609,37.4372917269
????,??????,37.440908635514802,127.147533584341005,08???,B000003730,??????????????,???????,1978/12/05,????,????,??,???? ?????? ????? ?????? 2580,???? ?????? ????? ?????94???? 7,"7530000",?????????,"7551000",?????????????????,2013/11/29,2022/07/01,37.436254920000003,127.143558799999994,2022/09/21,127.1445875782,37.4374489827
??????,??????,37.437367182685293,127.140520928805003,08???,B000012472,????????????,????????,1976/06/18,??,????,??,???? ?????? ????? ?????? 2876-1,???? ?????? ????? ????? 84,"7530000",?????????,"7551000",?????????????????,2013/11/29,2022/07/01,37.434633620000000,127.143496400000004,2022/09/21,127.1431872716,37.4349170483
??????,??????,37.437367182685293,127.140520928805003,08???,B000012468,???????????,????????,1973/06/20,??,????,??,???? ?????? ????? ?????? 2876,???? ?????? ????? ?????77???? 10,"7530000",?????????,"7551000",?????????????????,2013/11/29,2022/07/01,37.434878529999999,127.144820499999994,2022/09/21,127.1441153476,37.4352866233
??????,??????,37.437367182685293,127.140520928805003,08???,B000009223,??????????,??????,1974/06/07,??,????,??,???? ?????? ????? ?????? 2876,???? ?????? ????? ?????77???? 10,"7530000",?????????,"7551000",?????????????????,2013/11/29,2022/07/01,37.434878529999999,127.144820499999994,2022/09/21,127.1441153476,37.4352866233
??????,??????,37.437367182685293,127.140520928805003,08???,B000011489,????????????????,????????,1973/06/20,??,????,??,???? ?????? ????? ?????? 2876,???? ?????? ????? ?????77???? 10,"7530000",?????????,"7551000",?????????????????,2013/11/29,2022/07/01,37.434878529999999,127.144820499999994,2022/09/21,127.1441153476,37.4352866233
??????,??????,37.437367182685293,127.140520928805003,08???,B000012453,???????????????,????????,1972/03/24,????,????,??,???? ?????? ????? ?????? 2877,???? ?????? ????? ?????94???? 6,"7530000",?????????,"7551000",?????????????????,2013/11/29,2022/07/01,37.436154879999997,127.144608700000006,2022/09/21,127.1442512629,37.4362609259
??????,??????,37.437367182685293,127.140520928805003,08???,B000009197,??????????,??????,1995/03/01,????,????,??,???? ?????? ????? ?????? 2872,???? ?????? ????? ????? 64,"7530000",?????????,"7551000",?????????????????,2013/11/29,2022/07/01,37.432461979999999,127.144320800000003,2022/09/21,127.1433147129,37.4337541636
??????,??????,37.437367182685293,127.140520928805003,08???,B000003730,??????????????,???????,1978/12/05,????,????,??,???? ?????? ????? ?????? 2580,???? ?????? ????? ?????94???? 7,"7530000",?????????,"7551000",?????????????????,2013/11/29,2022/07/01,37.436254920000003,127.143558799999994,2022/09/21,127.1435588000,37.4362549200
??????,??????,37.437367182685293,127.140520928805003,08???,B000009224,??????????,??????,1977/06/18,??,????,??,???? ?????? ????? ?????? 2876-1,???? ?????? ????? ????? 84,"7530000",?????????,"7551000",?????????????????,2013/11/29,2022/07/01,37.434633620000000,127.143496400000004,2022/09/21,127.1431872716,37.4349170483
??????,??????,37.434027487399597,127.129961399904005,08???,B000003714,???????????????,???????,1969/11/03,????,????,??,???? ?????? ?????? ?????? 4347,???? ?????? ?????? ?????123???? 9,"7530000",?????????,"7551000",?????????????????,2013/11/29,2022/07/01,37.436211210000003,127.132783700000005,2022/09/21,127.1326516042,37.4361094016
??????,??????,37.434027487399597,127.129961399904005,08???,B000009192,??????????,??????,2008/03/01,????,????,??,???? ?????? ?????? ?????? 4674,???? ?????? ?????? ?????? 55,"7530000",?????????,"7551000",?????????????????,2013/11/29,2022/07/01,37.437117010000001,127.123637599999995,2022/09/21,127.1253555181,37.4362871621
??????,??????,37.434027487399597,127.129961399904005,08???,B000003707,???????????,???????,1987/02/14,????,????,??,???? ?????? ?????? ?????? 4786,???? ?????? ?????? ?????? 11,"7530000",?????????,"7551000",?????????????????,2013/11/29,2022/07/01,37.433766089999999,127.127237699999995,2022/09/21,127.1272377000,37.4337660900
??????,??????,37.434027487399597,127.129961399904005,08???,B000012467,???????????,????????,1974/01/05,??,????,??,???? ?????? ?????? ?????? 4511-1,???? ?????? ?????? ??????? 111,"7530000",?????????,"7551000",?????????????????,2013/11/29,2022/07/01,37.435042950000003,127.131414599999999,2022/09/21,127.1314146000,37.4350429500
??????,??????,37.434027487399597,127.129961399904005,08???,B000009222,?????????,??????,1966/11/19,??,????,??,???? ?????? ?????? ?????? 4511-1,???? ?????? ?????? ??????? 111,"7530000",?????????,"7551000",?????????????????,2013/11/29,2022/07/01,37.435042950000003,127.131414599999999,2022/09/21,127.1314146000,37.4350429500
?????,??????,37.491835518945997,127.007644026196004,02???,B000012055,???????????,????????,1984/04/18,????,????,??,????????? ????? ????? 1504,????????? ????? ????????27?? 29,"7010000",?????????????,"7091300",?????????????????????????,2013/11/29,2022/07/01,37.489611689999997,127.005378199999996,2022/09/21,127.0054119398,37.4896444564
??????,??????,37.561261163167103,127.037078472459001,02???,B000008410,??????????,??????,1968/10/01,????,????,??,????????? ?????? ???? 322-1,????????? ?????? ?????? 120,"7010000",?????????????,"7134000",?????????????????????????,2013/11/29,2022/07/01,37.557683359999999,127.031974599999998,2022/09/21,127.0332344701,37.5585565480
??????,??????,37.561261163167103,127.037078472459001,02???,B000008420,??????????????????????????,??????,1960/01/18,??,????,??,????????? ?????? ????? 223,????????? ?????? ?????? 42,"7010000",?????????????,"7134000",?????????????????????????,2013/11/29,2022/07/01,37.561918839999997,127.042323999999994,2022/09/21,127.0414657665,37.5618112453
??????,??????,37.561261163167103,127.037078472459001,02???,B000008414,??????????,??????,1985/04/26,????,????,??,????????? ?????? ???? 405-45,????????? ?????? ??????11?? 18,"7010000",?????????????,"7134000",?????????????????????????,2013/11/29,2022/07/01,37.562802509999997,127.040351200000003,2022/09/21,127.0402432468,37.5627500404
??????,??????,37.561261163167103,127.037078472459001,02???,B000011933,???????????????,????????,1940/04/20,????,????,??,????????? ?????? ???? 322-1,????????? ?????? ??????? 197,"7010000",?????????????,"7134000",?????????????????????????,2013/11/29,2022/07/01,37.557626329999998,127.033880900000000,2022/09/21,127.0344581564,37.5582833447
??????,??????,37.561261163167103,127.037078472459001,02???,B000002364,?????????????,???????,1915/09/01,????,????,??,????????? ?????? ??????? 950-1,????????? ?????? ??????15?? 21,"7010000",?????????????,"7134000",?????????????????????????,2013/11/29,2022/07/01,37.563274739999997,127.029613499999996,2022/09/21,127.0317315528,37.5626860905
??????,??????,37.561261163167103,127.037078472459001,02???,B000013452,???????????????????????????,????????,1960/05/15,??,????,??,????????? ?????? ????? 223,????????? ?????? ?????? 42,"7010000",?????????????,"7134000",?????????????????????????,2013/11/29,2022/07/01,37.561918839999997,127.042323999999994,2022/09/21,127.0414657665,37.5618112453
??????,??????,37.561261163167103,127.037078472459001,02???,B000002347,???????????????,???????,1962/10/26,????,????,??,????????? ?????? ???? 320-60,????????? ?????? ???????8?? 6,"7010000",?????????????,"7134000",?????????????????????????,2013/11/29,2022/07/01,37.557019130000000,127.034873399999995,2022/09/21,127.0352998717,37.5578364753
????????,??????,37.564434864772899,127.029270145908001,02???,B000002101,??????????????,???????,2007/03/01,????,????,??,????????? ??? ??? 161-2,????????? ??? ?????? 141,"7010000",?????????????,"7061000",?????????????????????,2013/11/29,2022/07/01,37.563626210000002,127.023673099999996,2022/09/21,127.0247267903,37.5637783627
????????,??????,37.564434864772899,127.029270145908001,02???,B000013448,????????????,????????,1949/08/24,????,????,??,????????? ??? ??? 161,????????? ??? ??????90?? 17,"7010000",?????????????,"7061000",?????????????????????,2013/11/29,2022/07/01,37.564116429999999,127.022389200000006,2022/09/21,127.0241079573,37.5641856881
????????,??????,37.564434864772899,127.029270145908001,02???,B000026371,???????????????,???????,1959/04/03,????,????,??,????????? ?????? ??????? 1068,????????? ?????? ?????? 161,"7010000",?????????????,"7134000",?????????????????????????,2013/11/29,2022/09/16,37.567819340000000,127.027889700000003,2022/09/21,127.0280229802,37.5674925942
????????,??????,37.564434864772899,127.029270145908001,02???,B000002364,?????????????,???????,1915/09/01,????,????,??,????????? ?????? ??????? 950-1,????????? ?????? ??????15?? 21,"7010000",?????????????,"7134000",?????????????????????????,2013/11/29,2022/07/01,37.563274739999997,127.029613499999996,2022/09/21,127.0296135000,37.5632747400
????????,??????,37.564434864772899,127.029270145908001,02???,B000002355,?????????????,???????,1944/10/10,????,????,??,????????? ?????? ???? 556,????????? ?????? ??????29?? 29,"7010000",?????????????,"7134000",?????????????????????????,2013/11/29,2022/07/01,37.568122850000002,127.035108199999996,2022/09/21,127.0335276832,37.5671147499
????????,??????,37.564434864772899,127.029270145908001,02???,B000022796,????????????,????????,2017/05/24,????,????,??,????????? ?????? ??????? 1070-4,????????? ?????? ?????? 156,"7010000",?????????????,"7134000",?????????????????????????,2013/11/29,2022/07/01,37.566843949999999,127.026995700000001,2022/09/21,127.0270684334,37.5667663144
?????,??????,37.493302732373799,126.894926522974004,02???,B000008167,??????????,??????,1978/01/05,????,????,??,????????? ?????? ?????? 90,????????? ?????? ???????? 48,"7010000",?????????????,"7041000",?????????????????????,2013/11/29,2022/07/01,37.494859720000001,126.891099900000000,2022/09/21,126.8914127221,37.4947324116
?????,??????,37.493302732373799,126.894926522974004,02???,B000008169,??????????,??????,1980/03/03,????,????,??,????????? ?????? ?????? 145-20,????????? ?????? ??????20?? 35,"7010000",?????????????,"7041000",?????????????????????,2013/11/29,2022/07/01,37.489113930000002,126.895615399999997,2022/09/21,126.8955022629,37.4897981001
?????,??????,37.493302732373799,126.894926522974004,02???,B000002000,??????????????,???????,1980/10/02,????,????,??,????????? ???????? ????? 702,????????? ???????? ?????21?? 6,"7010000",?????????????,"7041000",?????????????????????,2013/11/29,2022/07/01,37.493705030000001,126.900119399999994,2022/09/21,126.8993028516,37.4936402590
?????,??????,37.493302732373799,126.894926522974004,02???,B000001965,???????????????,???????,1971/04/04,????,????,??,????????? ?????? ?????? 93,????????? ?????? ????????14?? 43,"7010000",?????????????,"7041000",?????????????????????,2013/11/29,2022/07/01,37.494070530000002,126.892780200000004,2022/09/21,126.8927802000,37.4940705300
?????,??????,37.493302732373799,126.894926522974004,02???,B000001967,?????????????,???????,1979/09/28,????,????,??,????????? ?????? ?????? 165-1,????????? ?????? ??????20?? 57,"7010000",?????????????,"7041000",?????????????????????,2013/11/29,2022/07/01,37.488960820000003,126.895583299999998,2022/09/21,126.8954676820,37.4897244865
?????,??????,37.493302732373799,126.894926522974004,02???,B000008185,??????????,??????,1980/10/02,????,????,??,????????? ???????? ????? 735,????????? ???????? ?????31???? 17,"7010000",?????????????,"7041000",?????????????????????,2013/11/29,2022/07/01,37.497872180000002,126.895836500000001,2022/09/21,126.8956584362,37.4969780578
?????,??????,37.493302732373799,126.894926522974004,02???,B000008168,??????????,??????,1979/10/19,????,????,??,????????? ?????? ?????? 105-2,????????? ?????? ????????27?? 17,"7010000",?????????????,"7041000",?????????????????????,2013/11/29,2022/07/01,37.497219620000003,126.890689499999993,2022/09/21,126.8916672779,37.4963088454
???????,??????,37.576022761300202,127.024452169845006,02???,B000013456,???????????,????????,1947/10/25,??,????,??,????????? ??????? ????? 53-3,????????? ??????? ???? 6,"7010000",?????????????,"7021000",?????????????????????,2013/11/29,2022/07/01,37.577954669999997,127.025323499999999,2022/09/21,127.0253235000,37.5779546700
???????,??????,37.576022761300202,127.024452169845006,02???,B000001842,???????????????,???????,1948/11/01,????,????,??,????????? ??????? ?????? 237-1,????????? ??????? ??????13?? 43,"7010000",?????????????,"7021000",?????????????????????,2013/11/29,2022/07/01,37.576413090000003,127.028387199999997,2022/09/21,127.0281934293,37.5763945175
???????,??????,37.576022761300202,127.024452169845006,02???,B000008099,?????????,??????,1947/10/25,??,????,??,????????? ??????? ????? 53-3,????????? ??????? ???? 6,"7010000",?????????????,"7021000",?????????????????????,2013/11/29,2022/07/01,37.577954669999997,127.025323499999999,2022/09/21,127.0253235000,37.5779546700
???????,??????,37.576022761300202,127.024452169845006,02???,B000002415,??????????,???????,1966/05/25,??,????,??,????????? ????? ??????7?? 111,????????? ????? ???? 5,"7010000",?????????????,"7121200",???????????????????????,2013/11/29,2022/07/01,37.579151039999999,127.023445899999999,2022/09/21,127.0235058017,37.5789695984
???????,??????,37.514500819973797,126.882635530518002,02???,B000008160,???????????,??????,1984/05/06,????,????,??,????????? ?????? ??????? 311-1,????????? ?????? ??????63?? 74,"7010000",?????????????,"7041000",?????????????????????,2013/11/29,2022/07/01,37.510740730000002,126.884807100000003,2022/09/21,126.8844678401,37.5113259887
???????,??????,37.514500819973797,126.882635530518002,02???,B000008183,??????????,??????,1986/05/04,????,????,??,????????? ???????? ??????6?? 44,????????? ???????? ????????13?? 6,"7010000",?????????????,"7041000",?????????????????????,2013/11/29,2022/07/01,37.520418290000002,126.884140400000007,2022/09/21,126.8837540995,37.5187776430
???????,??????,37.514500819973797,126.882635530518002,02???,B000001972,????????????????,???????,1982/10/22,????,????,??,????????? ?????? ??????? 300-6,????????? ?????? ???????19?? 44,"7010000",?????????????,"7041000",?????????????????????,2013/11/29,2022/07/01,37.511984390000002,126.883254600000001,2022/09/21,126.8832546000,37.5119843900
???????,??????,37.514500819973797,126.882635530518002,02???,B000012026,?????????????,????????,2009/03/01,????,????,??,????????? ?????? ??????? 270-2,????????? ?????? ??????67?? 159,"7010000",?????????????,"7041000",?????????????????????,2013/11/29,2022/07/01,37.514062920000001,126.882083800000004,2022/09/21,126.8820838000,37.5140629200
????????,??????,37.512374450509398,126.865717870736006,02???,B000002198,?????????????,???????,1987/11/26,????,????,??,????????? ????? ?????? 330-10,????????? ????? ???? 31,"7010000",?????????????,"7081300",?????????????????????????,2013/11/29,2022/07/01,37.512371559999998,126.870229899999998,2022/09/21,126.8697760479,37.5123719123
????????,??????,37.512374450509398,126.865717870736006,02???,B000008318,??????????????,??????,1951/10/08,??,????,??,????????? ????? ?????? 325-8,????????? ????? ??????2?? 68,"7010000",?????????????,"7081300",?????????????????????????,2013/11/29,2022/07/01,37.509215980000000,126.860198400000002,2022/09/21,126.8615537423,37.5099938581
????????,??????,37.512374450509398,126.865717870736006,02???,B000002192,???????????????,???????,1996/07/10,????,????,??,????????? ????? ?????? 276-2,????????? ????? ?????? 85,"7010000",?????????????,"7081300",?????????????????????????,2013/11/29,2022/07/01,37.511127969999997,126.867043400000000,2022/09/21,126.8670434000,37.5111279700
????????,??????,37.512374450509398,126.865717870736006,02???,B000012006,??????????,????????,1990/09/14,??,????,??,????????? ????? ?????? 325-8,????????? ????? ??????2?? 68,"7010000",?????????????,"7081300",?????????????????????????,2013/11/29,2022/07/01,37.509215980000000,126.860142999999994,2022/09/21,126.8615221453,37.5100012037
????????,??????,37.512374450509398,126.865717870736006,02???,B000002191,?????????????,???????,1979/05/06,????,????,??,????????? ????? ?????? 325-7,????????? ????? ??????2?? 54,"7010000",?????????????,"7081300",?????????????????????????,2013/11/29,2022/07/01,37.510167760000002,126.860015899999993,2022/09/21,126.8612963439,37.5106616604
??????,??????,37.574054924811399,127.038262110342998,02???,B000001841,??????????????,???????,1972/05/09,????,????,??,????????? ??????? ??????? 463-13,????????? ??????? ?????? 177,"7010000",?????????????,"7021000",?????????????????????,2013/11/29,2022/07/01,37.572704610000002,127.042961700000006,2022/09/21,127.0423029623,37.5728949527
??????,??????,37.574054924811399,127.038262110342998,02???,B000008085,??????????,??????,1975/06/01,????,????,??,????????? ??????? ??????? 463-1,????????? ??????? ??????47?? 34,"7010000",?????????????,"7021000",?????????????????????,2013/11/29,2022/07/01,37.573920459999997,127.044088900000006,2022/09/21,127.0429457473,37.5739480705
